date	timestamp	open	high	low	close	volume	upTick	downTick	darkUpTick	darkDownTick	flowindexavg
2022-01-10T08:31:00.000Z	1641807120000	163.83	164.12	163.5	163.68	45815	20795	25020	5382	9567	0
2022-01-10T08:32:00.000Z	1641807180000	163.68	163.59	163.33	163.37	16721	5760	10961	1746	4137	0
2022-01-10T08:33:00.000Z	1641807240000	163.37	163.48	163.25	163.33	21844	8670	13174	4776	4244	-1965.6666666666665
2022-01-10T08:34:00.000Z	1641807300000	163.33	163.58	163.16	163.29	44752	22074	22678	4718	6352	-4059.4242424242425
2022-01-10T08:35:00.000Z	1641807360000	163.29	163.44	163.04	163.12	48023	19653	28370	6027	7145	-6738.044077134986
2022-01-10T08:36:00.000Z	1641807420000	163.12	163.16	162.85	162.87	43174	19921	23253	5179	6282	-9779.157275231655
2022-01-10T08:37:00.000Z	1641807480000	162.87	163.31	162.84	163.05	73203	36269	36934	7786	10534	-12793.886255492567
2022-01-10T08:38:00.000Z	1641807540000	163.05	163.31	162.96	163.15	52510	23187	29323	4507	4442	-15959.573602978768
2022-01-10T08:39:00.000Z	1641807600000	163.15	163.26	163.02	163.26	35854	18600	17254	6498	3559	-18819.34809940687
2022-01-10T08:40:00.000Z	1641807660000	163.26	163.46	163	163.11	61087	29289	31798	10343	10233	-21491.618141938954
2022-01-10T08:41:00.000Z	1641807720000	163.11	163.32	163.06	163.08	32069	12890	19179	5401	5191	-24361.02090401066
2022-01-10T08:42:00.000Z	1641807780000	163.08	163.22	163.01	163.15	46074	20687	25387	5268	6238	-27593.168618432966
2022-01-10T08:43:00.000Z	1641807840000	163.15	163.29	162.98	163.01	51566	23773	27793	6439	8363	-31078.531899930003
2022-01-10T08:44:00.000Z	1641807900000	163.01	163.34	162.97	163.23	27370	12098	15272	4346	3223	-34604.798827215454
2022-01-10T08:45:00.000Z	1641807960000	163.23	163.26	162.91	163.01	56523	22650	33873	10051	11036	-38824.38085863083
2022-01-10T08:46:00.000Z	1641808020000	163.01	163.22	162.96	163.01	32687	17654	15033	6384	6974	-42814.8570661525
2022-01-10T08:47:00.000Z	1641808080000	163.01	163.18	162.93	162.96	26026	13066	12960	5822	6977	-46251.398205639925
2022-01-10T08:48:00.000Z	1641808140000	162.96	163.03	162.78	162.86	75198	33143	42055	10578	8284	-49787.4470167357
2022-01-10T08:49:00.000Z	1641808200000	162.86	163.11	162.8	163.11	32751	16289	16462	7364	6131	-53233.21422581406
2022-01-10T08:50:00.000Z	1641808260000	163.11	163.25	163.06	163.22	29123	19293	9830	4922	5087	-55472.75103324181
2022-01-10T08:51:00.000Z	1641808320000	163.22	163.35	163.13	163.21	26340	10113	16227	3881	3984	-57292.6447847736
2022-01-10T08:52:00.000Z	1641808380000	163.21	163.13	162.8	162.8	26682	12911	13771	5034	5126	-58943.61846026931
2022-01-10T08:53:00.000Z	1641808440000	162.8	162.84	162.68	162.76	30180	12784	17396	3533	2432	-60951.08177052338
2022-01-10T08:54:00.000Z	1641808500000	162.76	162.81	162.61	162.67	20557	12197	8360	6656	5359	-62550.30932739792
2022-01-10T08:55:00.000Z	1641808560000	162.67	162.73	162.46	162.56	39346	20887	18459	6327	5870	-63545.25308605284
2022-01-10T08:56:00.000Z	1641808620000	162.56	162.63	162.34	162.34	43050	25543	17507	4759	3540	-63365.328282528084
2022-01-10T08:57:00.000Z	1641808680000	162.34	162.35	162.12	162.12	26628	11916	14712	2923	5088	-62911.69283721995
2022-01-10T08:58:00.000Z	1641808740000	162.12	162.2	162.03	162.07	36803	17804	18999	5195	4806	-62575.112321361776
2022-01-10T08:59:00.000Z	1641808800000	162.07	162.27	162.07	162.21	21243	12252	8991	5041	2417	-62160.425232629335
2022-01-10T09:00:00.000Z	1641808860000	162.21	162.3	162.11	162.17	34390	20112	14278	11299	6557	-61129.34791760582
2022-01-10T09:01:00.000Z	1641808920000	162.17	162.18	162.03	162.08	31749	16545	15204	5413	4214	-59711.43617501082
2022-01-10T09:02:00.000Z	1641808980000	162.08	162.15	161.88	161.88	41282	22364	18918	6199	6458	-57979.99323409976
2022-01-10T09:03:00.000Z	1641809040000	161.88	162.05	161.78	161.86	38385	22152	16233	4672	5419	-55775.78234305132
2022-01-10T09:04:00.000Z	1641809100000	161.86	161.97	161.76	161.76	25454	11413	14041	2633	4261	-53748.09464431472
2022-01-10T09:05:00.000Z	1641809160000	161.76	161.91	161.76	161.88	27993	13575	14418	6183	3112	-52145.62289080295
2022-01-10T09:06:00.000Z	1641809220000	161.88	162.16	161.78	162.11	40322	28455	11867	6369	3986	-49457.23691065696
2022-01-10T09:07:00.000Z	1641809280000	162.11	162.15	161.94	162.11	53535	27640	25895	8957	5323	-46119.224139022364
2022-01-10T09:08:00.000Z	1641809340000	162.11	162.25	162.09	162.22	54071	20008	34063	5525	3521	-44057.42581071527
2022-01-10T09:09:00.000Z	1641809400000	162.22	162.26	162.07	162.13	15185	7131	8054	4491	2949	-43253.34839058522
2022-01-10T09:10:00.000Z	1641809460000	162.13	162.13	161.83	161.89	99053	28128	70925	6087	6956	-46967.951713509116
2022-01-10T09:11:00.000Z	1641809520000	161.89	161.91	161.79	161.79	60763	27999	32764	13481	12951	-53062.081704992306
2022-01-10T09:12:00.000Z	1641809580000	161.79	161.82	161.61	161.66	59977	30279	29698	4543	6099	-59581.036546508854
2022-01-10T09:13:00.000Z	1641809640000	161.66	161.78	161.62	161.75	29312	18678	10634	4666	3514	-64292.63596229512
2022-01-10T09:14:00.000Z	1641809700000	161.75	161.74	161.51	161.54	43875	23515	20360	6536	6235	-67355.64154490813
2022-01-10T09:15:00.000Z	1641809760000	161.54	161.78	161.52	161.68	53956	33168	20788	5328	5479	-68301.31277916726
2022-01-10T09:16:00.000Z	1641809820000	161.68	161.67	161.51	161.58	41153	22457	18696	6238	6149	-67887.22560719746
2022-01-10T09:17:00.000Z	1641809880000	161.58	161.96	161.59	161.91	86102	43027	43075	9066	7286	-66949.69973922217
2022-01-10T09:18:00.000Z	1641809940000	161.91	161.93	161.73	161.73	30619	16443	14176	4722	4903	-65865.48160481814
2022-01-10T09:19:00.000Z	1641810000000	161.73	161.76	161.64	161.66	20431	9215	11216	1984	3826	-65024.363737275446
2022-01-10T09:20:00.000Z	1641810060000	161.66	161.89	161.64	161.83	30977	21469	9508	4747	2425	-63301.388512316276
2022-01-10T09:21:00.000Z	1641810120000	161.83	161.89	161.51	161.51	36713	18512	18201	5139	4777	-61199.1360555315
2022-01-10T09:22:00.000Z	1641810180000	161.51	161.67	161.49	161.62	26841	16159	10682	3663	4020	-58599.89919695001
2022-01-10T09:23:00.000Z	1641810240000	161.62	161.67	161.57	161.63	9823	5503	4320	1639	1711	-56024.34176720153
2022-01-10T09:24:00.000Z	1641810300000	161.63	161.81	161.65	161.78	23838	13178	10660	5556	2617	-53450.49174892246
2022-01-10T09:25:00.000Z	1641810360000	161.78	162.1	161.76	161.99	27289	12894	14395	4688	4176	-51292.61446123959
2022-01-10T09:26:00.000Z	1641810420000	161.99	162.06	161.93	162	30036	22187	7849	5905	2809	-48238.29061980209
2022-01-10T09:27:00.000Z	1641810480000	162	161.98	161.82	161.84	23231	15551	7680	3166	2078	-44200.26808286837
2022-01-10T09:28:00.000Z	1641810540000	161.84	161.9	161.78	161.84	16028	8744	7284	2390	1318	-39852.18903749836
2022-01-10T09:29:00.000Z	1641810600000	161.84	161.94	161.76	161.88	23669	13660	10009	4524	4195	-35635.76072765017
2022-01-10T09:30:00.000Z	1641810660000	161.88	161.88	161.64	161.86	28030	12752	15278	4863	4375	-32150.076958986505
2022-01-10T09:31:00.000Z	1641810720000	161.86	162.07	161.87	161.99	41771	24945	16826	5684	5805	-28602.517511898048
2022-01-10T09:32:00.000Z	1641810780000	161.99	162.03	161.87	161.93	26160	12901	13259	3038	3503	-25316.999176401434
2022-01-10T09:33:00.000Z	1641810840000	161.93	161.99	161.86	161.87	38097	21049	17048	4490	4482	-22040.787204934506
2022-01-10T09:34:00.000Z	1641810900000	161.87	161.86	161.65	161.71	23280	10172	13108	3965	5239	-19395.522864643382
2022-01-10T09:35:00.000Z	1641810960000	161.71	161.79	161.54	161.58	39431	23763	15668	4120	3401	-16552.003555920342
2022-01-10T09:36:00.000Z	1641811020000	161.58	161.59	161.39	161.49	42391	23478	18913	3307	5830	-13408.851394237856
2022-01-10T09:37:00.000Z	1641811080000	161.49	161.55	161.4	161.4	21884	8596	13288	1119	2219	-10741.757201346125
2022-01-10T09:38:00.000Z	1641811140000	161.4	161.59	161.39	161.57	16225	8985	7240	2974	2171	-8546.98316473774
2022-01-10T09:39:00.000Z	1641811200000	161.57	161.64	161.42	161.47	13546	4391	9155	1869	2638	-7220.774104482392
2022-01-10T09:40:00.000Z	1641811260000	161.47	161.68	161.5	161.68	31323	25050	6273	4461	2471	-4664.542449121957
2022-01-10T09:41:00.000Z	1641811320000	161.68	161.78	161.52	161.53	16116	7634	8482	3346	3775	-1656.5347310997836
2022-01-10T09:42:00.000Z	1641811380000	161.53	161.53	161.35	161.42	22846	11420	11426	3159	3058	1321.6230987971471
2022-01-10T09:43:00.000Z	1641811440000	161.42	161.5	161.33	161.42	20698	10214	10484	2297	2042	3707.691626288575
2022-01-10T09:44:00.000Z	1641811500000	161.42	161.47	161.29	161.35	17308	9026	8282	2132	2215	5711.020421508834
2022-01-10T09:45:00.000Z	1641811560000	161.35	161.47	161.29	161.43	14953	7495	7458	2138	1120	7390.380344870864
2022-01-10T09:46:00.000Z	1641811620000	161.43	161.58	161.38	161.49	21144	11493	9651	4443	3507	8956.644524591313
2022-01-10T09:47:00.000Z	1641811680000	161.49	161.71	161.5	161.57	19649	10126	9523	1853	2150	10405.709156483801
2022-01-10T09:48:00.000Z	1641811740000	161.57	161.56	161.39	161.43	18647	6873	11774	2688	3198	11238.125673486746
2022-01-10T09:49:00.000Z	1641811800000	161.43	161.49	161.33	161.44	27509	16699	10810	5426	2611	12175.799793458853
2022-01-10T09:50:00.000Z	1641811860000	161.44	161.48	161.3	161.37	29017	17319	11698	5147	4469	13662.381649193607
2022-01-10T09:51:00.000Z	1641811920000	161.37	161.62	161.35	161.54	28771	15592	13179	4137	3675	15617.160743279617
2022-01-10T09:52:00.000Z	1641811980000	161.54	161.66	161.44	161.65	27735	14303	13432	2334	5608	17612.283032380292
2022-01-10T09:53:00.000Z	1641812040000	161.65	161.73	161.55	161.65	23817	10267	13550	4038	3725	19072.1103598263
2022-01-10T09:54:00.000Z	1641812100000	161.65	161.79	161.54	161.64	26298	13571	12727	5414	4141	20170.666051979093
2022-01-10T09:55:00.000Z	1641812160000	161.64	161.69	161.5	161.5	20551	8999	11552	2342	5120	20789.06010313441
2022-01-10T09:56:00.000Z	1641812220000	161.5	161.53	161.39	161.49	17513	7576	9937	3320	3721	20951.230993473608
2022-01-10T09:57:00.000Z	1641812280000	161.49	161.61	161.45	161.58	19493	8366	11127	3521	2309	20612.461721932952
2022-01-10T09:58:00.000Z	1641812340000	161.58	161.77	161.53	161.71	30781	18833	11948	4579	2964	20722.31716642999
2022-01-10T09:59:00.000Z	1641812400000	161.71	161.78	161.63	161.66	2404662	11900	2392762	4307	3963	-195296.19504564817
2022-01-10T10:00:00.000Z	1641812460000	161.66	161.69	161.5	161.55	30111	14055	16056	3390	4857	-516306.55352219706
2022-01-10T10:01:00.000Z	1641812520000	161.55	161.83	161.52	161.75	38966	17294	21672	6028	5484	-851617.9983363431
2022-01-10T10:02:00.000Z	1641812580000	161.75	161.72	161.55	161.58	19654	8591	11063	4913	4202	-1126514.4228812505
2022-01-10T10:03:00.000Z	1641812640000	161.58	161.65	161.48	161.51	16475	5754	10721	2948	2783	-1352163.709630114
2022-01-10T10:04:00.000Z	1641812700000	161.51	161.78	161.46	161.76	15937	8705	7232	3774	3165	-1537027.88363676
2022-01-10T10:05:00.000Z	1641812760000	161.76	161.91	161.69	161.9	30843	15376	15467	6793	3794	-1688349.9047937128
2022-01-10T10:06:00.000Z	1641812820000	161.9	162.05	161.85	162.02	21706	12831	8875	3022	3562	-1811760.0736190984
2022-01-10T10:07:00.000Z	1641812880000	162.02	162	161.88	161.97	20212	11410	8802	3534	2670	-1912257.9390216866
2022-01-10T10:08:00.000Z	1641812940000	161.97	162.11	161.92	162.07	18440	10189	8251	3244	2039	-1994029.3440480465
2022-01-10T10:09:00.000Z	1641813000000	162.07	162.18	162.05	162.18	12058	7196	4862	3763	2395	-2060524.554221129
2022-01-10T10:10:00.000Z	1641813060000	162.18	162.21	162.07	162.2	21786	12486	9300	4109	1933	-2114439.9079991058
2022-01-10T10:11:00.000Z	1641813120000	162.2	162.32	162.13	162.31	23627	13808	9819	3992	2614	-2157926.015635632
2022-01-10T10:12:00.000Z	1641813180000	162.31	162.53	162.28	162.53	16122	12113	4009	7508	1323	-2192430.527944305
2022-01-10T10:13:00.000Z	1641813240000	162.53	162.57	162.35	162.37	29342	13865	15477	6217	6081	-2220196.007712007
2022-01-10T10:14:00.000Z	1641813300000	162.37	162.48	162.38	162.44	24577	13983	10594	4222	3757	-2242457.2487340663
2022-01-10T10:15:00.000Z	1641813360000	162.44	162.51	162.35	162.35	19841	9575	10266	2072	3752	-2260577.2641157513
2022-01-10T10:16:00.000Z	1641813420000	162.35	162.41	162.29	162.38	16278	6222	10056	2217	2771	-2275690.458518948
2022-01-10T10:17:00.000Z	1641813480000	162.38	162.72	162.38	162.64	37634	22456	15178	4092	2500	-2287647.4660609574
2022-01-10T10:18:00.000Z	1641813540000	162.64	162.84	162.6	162.74	40248	19169	21079	3189	5287	-2297279.1995044197
2022-01-10T10:19:00.000Z	1641813600000	162.74	162.82	162.73	162.77	19915	9874	10041	2732	2306	-2305070.102624828
2022-01-10T10:20:00.000Z	1641813660000	162.77	162.77	162.59	162.68	20010	9793	10217	2252	2299	-2311551.0233597076
2022-01-10T10:21:00.000Z	1641813720000	162.68	162.77	162.66	162.72	12905	6675	6230	2601	1787	-2316843.8979003667
2022-01-10T10:22:00.000Z	1641813780000	162.72	162.82	162.72	162.78	23471	11246	12225	2681	4765	-2321249.3104033303
2022-01-10T10:23:00.000Z	1641813840000	162.78	162.99	162.78	162.95	24085	15244	8841	3715	3153	-2324317.4963906035
2022-01-10T10:24:00.000Z	1641813900000	162.95	163.02	162.93	162.96	20472	11964	8508	2728	2306	-2326155.254622615
2022-01-10T10:25:00.000Z	1641813960000	162.96	162.95	162.84	162.86	14915	5066	9849	1381	4462	-2327690.208327594
2022-01-10T10:26:00.000Z	1641814020000	162.86	163.02	162.84	163	22484	13689	8795	5504	1357	-2328686.3219650015
2022-01-10T10:27:00.000Z	1641814080000	163	163.01	162.87	162.87	23381	12826	10555	1750	3376	-2329143.20281985
2022-01-10T10:28:00.000Z	1641814140000	162.87	163.06	162.84	163	20027	9711	10316	1985	3850	-2329286.075034423
2022-01-10T10:29:00.000Z	1641814200000	163	163.08	162.98	162.98	14143	6605	7538	1737	1854	-2329455.6371493763
2022-01-10T10:30:00.000Z	1641814260000	162.98	162.97	162.81	162.9	21618	9125	12493	1445	3185	-2329975.4303949443
2022-01-10T10:31:00.000Z	1641814320000	162.9	162.94	162.78	162.8	6010	2047	3963	1015	1945	-2330807.2915352574
2022-01-10T10:32:00.000Z	1641814380000	162.8	162.81	162.68	162.7	14500	7647	6853	1519	1787	-2331633.9051955137
2022-01-10T10:33:00.000Z	1641814440000	162.7	162.74	162.6	162.6	6566	2866	3700	1626	2108	-2332395.9830387537
2022-01-10T10:34:00.000Z	1641814500000	162.6	162.74	162.61	162.62	20128	12884	7244	3508	3973	-2332533.2588498895
2022-01-10T10:35:00.000Z	1641814560000	162.62	162.95	162.56	162.6	22914	11018	11896	2044	3119	-2332408.8481499096
2022-01-10T10:36:00.000Z	1641814620000	162.6	162.67	162.51	162.51	18595	5392	13203	1065	1822	-2332899.451516593
2022-01-10T10:37:00.000Z	1641814680000	162.51	162.6	162.39	162.4	9762	2678	7084	387	2703	-2334201.399725697
2022-01-10T10:38:00.000Z	1641814740000	162.4	162.5	162.38	162.48	9001	4738	4263	1552	438	-2335727.175533146
2022-01-10T10:39:00.000Z	1641814800000	162.48	162.46	162.32	162.37	9071	3509	5562	688	2784	-2337266.9011937864
2022-01-10T10:40:00.000Z	1641814860000	162.37	162.37	162.25	162.28	12954	4979	7975	1959	2919	-2338909.070673704
2022-01-10T10:41:00.000Z	1641814920000	162.28	162.29	162.21	162.24	9392	3432	5960	1524	1813	-2340726.2699451516
2022-01-10T10:42:00.000Z	1641814980000	162.24	162.36	162.21	162.28	7276	3133	4143	1097	2026	-2342548.8875308814
2022-01-10T10:43:00.000Z	1641815040000	162.28	162.27	162.16	162.24	5818	2726	3092	1254	2479	-2344211.211010115
2022-01-10T10:44:00.000Z	1641815100000	162.24	162.3	162.11	162.29	20923	12227	8696	2650	2348	-2345303.081735549
2022-01-10T10:45:00.000Z	1641815160000	162.29	162.44	162.3	162.41	11222	5949	5273	2649	3042	-2345932.06687454
2022-01-10T10:46:00.000Z	1641815220000	162.41	162.45	162.29	162.4	8038	5138	2900	1536	2383	-2346095.2668367447
2022-01-10T10:47:00.000Z	1641815280000	162.4	162.4	162.2	162.27	125661	6250	119411	895	2064	-2356360.036502791
2022-01-10T10:48:00.000Z	1641815340000	162.27	162.33	162.19	162.19	9504	4361	5143	1831	1393	-2371619.99956289
2022-01-10T10:49:00.000Z	1641815400000	162.19	162.3	162.13	162.26	40970	26635	14335	3870	3199	-2386463.757218122
2022-01-10T10:50:00.000Z	1641815460000	162.26	162.24	162.1	162.19	12938	5208	7730	2080	3159	-2398116.1649966454
2022-01-10T10:51:00.000Z	1641815520000	162.19	162.22	162.06	162.14	19012	9148	9864	2741	2602	-2407495.1653002854
2022-01-10T10:52:00.000Z	1641815580000	162.14	162.25	162.14	162.25	54136	5240	48896	2802	1610	-2419257.438275991
2022-01-10T10:53:00.000Z	1641815640000	162.25	162.44	162.22	162.35	18980	10300	8680	2371	2067	-2431401.358589447
2022-01-10T10:54:00.000Z	1641815700000	162.35	162.36	162.17	162.2	20363	12597	7766	1079	3044	-2442122.8388459114
2022-01-10T10:55:00.000Z	1641815760000	162.2	162.22	162.15	162.18	13054	6962	6092	2257	713	-2450473.989358776
2022-01-10T10:56:00.000Z	1641815820000	162.18	162.33	162.17	162.25	9826	4860	4966	1757	1553	-2457117.2640208164
2022-01-10T10:57:00.000Z	1641815880000	162.25	162.42	162.26	162.35	16469	10350	6119	2201	2072	-2462148.0948049105
2022-01-10T10:58:00.000Z	1641815940000	162.35	162.5	162.34	162.5	19613	11537	8076	3390	1698	-2465696.380597957
2022-01-10T10:59:00.000Z	1641816000000	162.5	162.64	162.46	162.62	20290	11146	9144	2389	1817	-2468079.553822571
2022-01-10T11:00:00.000Z	1641816060000	162.62	162.62	162.49	162.51	15265	7142	8123	1966	2183	-2469892.3925214973
2022-01-10T11:01:00.000Z	1641816120000	162.51	162.55	162.39	162.45	54389	43587	10802	2987	1986	-2468393.9575175885
2022-01-10T11:02:00.000Z	1641816180000	162.45	162.46	162.26	162.28	7280	3324	3956	687	1929	-2465268.1773628755
2022-01-10T11:03:00.000Z	1641816240000	162.28	162.32	162.2	162.2	10150	4556	5594	890	1515	-2461849.9026908376
2022-01-10T11:04:00.000Z	1641816300000	162.2	162.22	162.15	162.15	9722	3526	6196	353	2415	-2459377.9203834124
2022-01-10T11:05:00.000Z	1641816360000	162.15	162.15	162.02	162.15	16410	7034	9376	1602	3273	-2457761.571222792
2022-01-10T11:06:00.000Z	1641816420000	162.15	162.26	162.1	162.21	20796	9068	11728	1675	1283	-2456903.7703944054
2022-01-10T11:07:00.000Z	1641816480000	162.21	162.23	162.18	162.19	7161	3304	3857	601	688	-2456484.387898453
2022-01-10T11:08:00.000Z	1641816540000	162.19	162.26	162.2	162.2	6940	3543	3397	758	1169	-2456242.1052502496
2022-01-10T11:09:00.000Z	1641816600000	162.2	162.18	161.96	161.98	19800	6616	13184	1737	3603	-2456648.8739926284
2022-01-10T11:10:00.000Z	1641816660000	161.98	162.11	161.98	162.11	13693	8394	5299	3101	1832	-2457093.9575091205
2022-01-10T11:11:00.000Z	1641816720000	162.11	162.3	162.13	162.3	9016	4023	4993	766	2628	-2457557.7531135227
2022-01-10T11:12:00.000Z	1641816780000	162.3	162.35	162.18	162.32	14635	6668	7967	1949	1524	-2458020.313153488
2022-01-10T11:13:00.000Z	1641816840000	162.32	162.31	162.23	162.29	7975	4347	3628	986	1308	-2458441.528943763
2022-01-10T11:14:00.000Z	1641816900000	162.29	162.3	162.15	162.22	6265	2600	3665	824	1270	-2458878.7661055033
2022-01-10T11:15:00.000Z	1641816960000	162.22	162.22	162.12	162.13	7860	4243	3617	1133	1618	-2459222.354086321
2022-01-10T11:16:00.000Z	1641817020000	162.13	162.21	162.1	162.12	8147	3630	4517	1479	1555	-2459578.4412221415
2022-01-10T11:17:00.000Z	1641817080000	162.12	162.09	161.99	162.06	8440	4700	3740	1916	1544	-2459817.3003938734
2022-01-10T11:18:00.000Z	1641817140000	162.06	162.06	161.94	161.96	9110	3228	5882	940	1468	-2460222.70032226
2022-01-10T11:19:00.000Z	1641817200000	161.96	161.95	161.86	161.88	11756	4034	7722	1325	1405	-2461021.4214757886
2022-01-10T11:20:00.000Z	1641817260000	161.88	161.94	161.86	161.92	7657	3039	4618	1136	986	-2462122.4054498877
2022-01-10T11:21:00.000Z	1641817320000	161.92	161.94	161.87	161.88	10456	6343	4113	925	724	-2463027.9377923324
2022-01-10T11:22:00.000Z	1641817380000	161.88	161.97	161.85	161.92	13697	7351	6346	1562	1905	-2463590.1612240295
2022-01-10T11:23:00.000Z	1641817440000	161.92	161.93	161.85	161.87	10213	3919	6294	1097	1515	-2464137.586456024
2022-01-10T11:24:00.000Z	1641817500000	161.87	161.9	161.84	161.87	5068	2800	2268	1063	654	-2464650.601039777
2022-01-10T11:25:00.000Z	1641817560000	161.87	161.96	161.81	161.92	11232	6319	4913	1456	784	-2464982.249335575
2022-01-10T11:26:00.000Z	1641817620000	161.92	161.94	161.86	161.91	8576	4989	3587	1142	1153	-2465024.81006244
2022-01-10T11:27:00.000Z	1641817680000	161.91	162.04	161.91	162.02	7806	4429	3377	1333	1972	-2464836.4203541176
2022-01-10T11:28:00.000Z	1641817740000	162.02	162.02	161.94	161.98	13685	5407	8278	1406	1337	-2464837.040895793
2022-01-10T11:29:00.000Z	1641817800000	161.98	161.96	161.88	161.89	10554	2400	8154	910	1544	-2465502.760732922
2022-01-10T11:30:00.000Z	1641817860000	161.89	161.96	161.88	161.89	13829	7773	6056	1657	1224	-2466327.0769632994
2022-01-10T11:31:00.000Z	1641817920000	161.89	161.88	161.79	161.87	11325	5475	5850	1995	1412	-2467105.9114548205
2022-01-10T11:32:00.000Z	1641817980000	161.87	161.89	161.81	161.82	6131	2000	4131	507	847	-2467907.5639175805
2022-01-10T11:33:00.000Z	1641818040000	161.82	161.85	161.79	161.83	7714	3099	4615	835	1428	-2468841.794720445
2022-01-10T11:34:00.000Z	1641818100000	161.83	162	161.84	161.93	8795	5695	3100	1124	866	-2469526.710831879
2022-01-10T11:35:00.000Z	1641818160000	161.93	161.99	161.9	161.92	9584	3906	5678	1141	1232	-2470136.854316992
2022-01-10T11:36:00.000Z	1641818220000	161.92	162.1	161.89	162.09	5576	4276	1300	2416	482	-2470394.2747442056
2022-01-10T11:37:00.000Z	1641818280000	162.09	162.12	161.96	162.02	11257	3359	7898	760	1633	-2470890.86115435
2022-01-10T11:38:00.000Z	1641818340000	162.02	162.01	161.97	161.99	11455	6055	5400	799	878	-2471422.52276265
2022-01-10T11:39:00.000Z	1641818400000	161.99	161.98	161.92	161.95	6242	3635	2607	1484	953	-2471861.9125633803
2022-01-10T11:40:00.000Z	1641818460000	161.95	161.96	161.88	161.95	9373	6558	2815	1147	456	-2471798.9890670083
2022-01-10T11:41:00.000Z	1641818520000	161.95	162.19	161.96	162.19	17149	10247	6902	2146	1123	-2471185.4152972493
2022-01-10T11:42:00.000Z	1641818580000	162.19	162.38	162.22	162.29	21456	11663	9793	3123	3473	-2470197.2488795677
2022-01-10T11:43:00.000Z	1641818640000	162.29	162.29	162.21	162.23	14618	9238	5380	2249	1938	-2468823.3248408586
2022-01-10T11:44:00.000Z	1641818700000	162.23	162.24	162.07	162.1	10533	5666	4867	2214	1911	-2467336.0839607026
2022-01-10T11:45:00.000Z	1641818760000	162.1	162.33	162.09	162.3	45193	30529	14664	3814	2453	-2464511.644452696
2022-01-10T11:46:00.000Z	1641818820000	162.3	162.4	162.31	162.33	12207	7658	4549	1632	933	-2460932.375764327
2022-01-10T11:47:00.000Z	1641818880000	162.33	162.38	162.29	162.35	11762	6778	4984	762	1494	-2457171.6104738433
2022-01-10T11:48:00.000Z	1641818940000	162.35	162.38	162.28	162.3	9226	4900	4326	1573	711	-2453839.499478599
2022-01-10T11:49:00.000Z	1641819000000	162.3	162.34	162.23	162.23	9222	4522	4700	1663	1615	-2451040.2571491566
2022-01-10T11:50:00.000Z	1641819060000	162.23	162.31	162.15	162.29	89351	53831	35520	8792	3686	-2447078.72554628
2022-01-10T11:51:00.000Z	1641819120000	162.29	162.38	162.28	162.36	13307	6927	6380	1614	2656	-2442683.3815075625
2022-01-10T11:52:00.000Z	1641819180000	162.36	162.86	162.34	162.85	89897	47907	41990	8729	7112	-2437961.2515364904
2022-01-10T11:53:00.000Z	1641819240000	162.85	163.03	162.86	162.92	23002	10029	12973	2823	3585	-2433990.1451965226
2022-01-10T11:54:00.000Z	1641819300000	162.92	162.92	162.82	162.82	10262	4016	6246	2662	1894	-2430942.9066759427
2022-01-10T11:55:00.000Z	1641819360000	162.82	162.83	162.6	162.61	6645	1986	4659	1184	1680	-2428917.0751591045
2022-01-10T11:56:00.000Z	1641819420000	162.61	162.67	162.54	162.54	5601	3076	2525	1699	2036	-2427439.0614938126
2022-01-10T11:57:00.000Z	1641819480000	162.54	162.61	162.51	162.59	7418	4728	2690	1570	1526	-2426092.11091918
2022-01-10T11:58:00.000Z	1641819540000	162.59	162.6	162.5	162.54	14056	9218	4838	1479	1670	-2424451.666509632
2022-01-10T11:59:00.000Z	1641819600000	162.54	162.57	162.52	162.56	5065	1100	3965	643	1177	-2423042.7271442446
2022-01-10T12:00:00.000Z	1641819660000	162.56	162.72	162.46	162.62	105229	53760	51469	10432	9373	-2421722.5949362
2022-01-10T12:01:00.000Z	1641819720000	162.62	162.84	162.59	162.64	65326	32009	33317	3133	5217	-2420709.3655538606
2022-01-10T12:02:00.000Z	1641819780000	162.64	162.73	162.58	162.73	10971	5311	5660	2525	2895	-2419921.935453159
2022-01-10T12:03:00.000Z	1641819840000	162.73	162.76	162.65	162.7	6827	3784	3043	1922	826	-2419271.0987040997
2022-01-10T12:04:00.000Z	1641819900000	162.7	162.76	162.65	162.67	6545	4445	2100	1456	1046	-2418491.0807578997
2022-01-10T12:05:00.000Z	1641819960000	162.67	162.91	162.62	162.85	14710	9162	5548	2472	2484	-2417359.7630443424
2022-01-10T12:06:00.000Z	1641820020000	162.85	162.85	162.68	162.71	20521	8121	12400	1507	2255	-2416533.048551432
2022-01-10T12:07:00.000Z	1641820080000	162.71	162.81	162.7	162.74	9657	3874	5783	511	958	-2416180.0094208685
2022-01-10T12:08:00.000Z	1641820140000	162.74	162.74	162.66	162.74	19942	11232	8710	2598	2196	-2415907.250132226
2022-01-10T12:09:00.000Z	1641820200000	162.74	162.79	162.68	162.76	20756	8181	12575	1820	2709	-2415988.537986973
2022-01-10T12:10:00.000Z	1641820260000	162.76	162.86	162.74	162.81	10829	3879	6950	907	1172	-2416524.1068378263
2022-01-10T12:11:00.000Z	1641820320000	162.81	162.96	162.69	162.78	17866	7957	9909	4638	3670	-2417459.0268067066
2022-01-10T12:12:00.000Z	1641820380000	162.78	162.96	162.79	162.9	13259	7038	6221	1522	2552	-2418361.05223579
2022-01-10T12:13:00.000Z	1641820440000	162.9	163.05	162.91	162.94	13065	5630	7435	2084	2211	-2419272.800314131
2022-01-10T12:14:00.000Z	1641820500000	162.94	163.04	162.93	163.01	13786	4977	8809	1048	2191	-2420451.776014592
2022-01-10T12:15:00.000Z	1641820560000	163.01	163.08	162.9	162.9	20756	7907	12849	1138	3245	-2422152.6046179994
2022-01-10T12:16:00.000Z	1641820620000	162.9	163	162.92	162.98	12587	6441	6146	2250	1018	-2423933.0098389694
2022-01-10T12:17:00.000Z	1641820680000	162.98	163.14	162.96	163.11	14237	7785	6452	2067	1250	-2425400.40198946
2022-01-10T12:18:00.000Z	1641820740000	163.11	163.27	163.07	163.21	33148	14227	18921	1849	1737	-2426937.995567134
2022-01-10T12:19:00.000Z	1641820800000	163.21	163.31	163.21	163.29	13011	9301	3710	782	599	-2427931.844857958
2022-01-10T12:20:00.000Z	1641820860000	163.29	163.33	163.25	163.29	246534	217506	29028	6560	4289	-2411414.024580754
2022-01-10T12:21:00.000Z	1641820920000	163.29	163.38	163.15	163.15	22478	12521	9957	3413	3660	-2386074.020111526
2022-01-10T12:22:00.000Z	1641820980000	163.15	163.26	163.16	163.2	14664	10964	3700	2452	802	-2358814.0770609453
2022-01-10T12:23:00.000Z	1641821040000	163.2	163.49	163.22	163.47	17598	13498	4100	1952	754	-2335138.1842619856
2022-01-10T12:24:00.000Z	1641821100000	163.47	163.52	163.45	163.51	8932	5200	3732	1600	1812	-2314843.847729503
2022-01-10T12:25:00.000Z	1641821160000	163.51	163.51	163.43	163.47	12028	4620	7408	1193	734	-2298119.08753626
2022-01-10T12:26:00.000Z	1641821220000	163.47	163.57	163.48	163.57	9525	5225	4300	1335	654	-2284475.5867720917
2022-01-10T12:27:00.000Z	1641821280000	163.57	163.65	163.55	163.65	14230	8830	5400	1925	1485	-2273029.3285711054
2022-01-10T12:28:00.000Z	1641821340000	163.65	163.66	163.49	163.56	22194	11542	10652	3897	2102	-2263347.3900430254
2022-01-10T12:29:00.000Z	1641821400000	163.56	163.63	163.52	163.57	15525	6010	9515	1757	1417	-2255586.561550354
2022-01-10T12:30:00.000Z	1641821460000	163.57	163.71	163.53	163.64	77504	53677	23827	9427	3640	-2246708.6109654414
2022-01-10T12:31:00.000Z	1641821520000	163.64	163.83	163.65	163.82	25187	20952	4235	3772	1059	-2236222.227153543
2022-01-10T12:32:00.000Z	1641821580000	163.82	163.82	163.59	163.6	11035	2973	8062	545	1749	-2226187.3979741107
2022-01-10T12:33:00.000Z	1641821640000	163.6	163.62	163.51	163.56	26203	14736	11467	3147	2161	-2217481.749857606
2022-01-10T12:34:00.000Z	1641821700000	163.56	163.56	163.45	163.54	20884	11267	9617	2394	2204	-2210165.037762284
2022-01-10T12:35:00.000Z	1641821760000	163.54	163.68	163.55	163.58	11739	6289	5450	902	2011	-2203903.3036236865
2022-01-10T12:36:00.000Z	1641821820000	163.58	163.63	163.49	163.58	19550	9950	9600	2148	2245	-2198647.3999345317
2022-01-10T12:37:00.000Z	1641821880000	163.58	163.61	163.43	163.47	15193	7999	7194	1809	1391	-2194227.296916132
2022-01-10T12:38:00.000Z	1641821940000	163.47	163.55	163.47	163.48	22435	12225	10210	2108	1752	-2190368.2732344107
2022-01-10T12:39:00.000Z	1641822000000	163.48	163.55	163.46	163.51	17038	9014	8024	2082	2052	-2186974.3750705784
2022-01-10T12:40:00.000Z	1641822060000	163.51	163.69	163.46	163.67	11814	6500	5314	1378	1474	-2183968.6705122916
2022-01-10T12:41:00.000Z	1641822120000	163.67	163.76	163.62	163.76	22602	8424	14178	2180	3356	-2181930.669813087
2022-01-10T12:42:00.000Z	1641822180000	163.76	163.81	163.68	163.79	18090	8909	9181	2187	2029	-2180600.729847071
2022-01-10T12:43:00.000Z	1641822240000	163.79	163.9	163.8	163.87	25106	13915	11191	2706	2148	-2179455.809268816
2022-01-10T12:44:00.000Z	1641822300000	163.87	163.95	163.85	163.92	11883	6312	5571	1541	1412	-2178294.843947213
2022-01-10T12:45:00.000Z	1641822360000	163.92	163.93	163.8	163.84	31483	11511	19972	2677	2562	-2177986.6905022655
2022-01-10T12:46:00.000Z	1641822420000	163.84	163.84	163.74	163.8	29868	13000	16868	3395	3409	-2178576.534653369
2022-01-10T12:47:00.000Z	1641822480000	163.8	164.01	163.79	164	21057	14514	6543	1665	1638	-2178825.316231544
2022-01-10T12:48:00.000Z	1641822540000	164	164.04	163.93	164.04	15617	7701	7916	2173	1700	-2178682.5314621725
2022-01-10T12:49:00.000Z	1641822600000	164.04	164.04	163.94	163.99	18811	11615	7196	2047	1430	-2177935.465135717
2022-01-10T12:50:00.000Z	1641822660000	163.99	164.22	163.95	164.18	26790	14790	12000	3906	1597	-2176809.2896564957
2022-01-10T12:51:00.000Z	1641822720000	164.18	164.27	164.13	164.2	22611	11197	11414	2319	1955	-2175604.600628042
2022-01-10T12:52:00.000Z	1641822780000	164.2	164.29	164.19	164.29	30705	16766	13939	3010	1631	-2174290.5520290043
2022-01-10T12:53:00.000Z	1641822840000	164.29	164.31	164.23	164.23	28302	9638	18664	2513	3947	-2173871.209235852
2022-01-10T12:54:00.000Z	1641822900000	164.23	164.28	164.2	164.21	17316	5190	12126	1089	947	-2174620.0196778183
2022-01-10T12:55:00.000Z	1641822960000	164.21	164.33	164.2	164.33	20670	9197	11473	1700	2095	-2176133.470645488
2022-01-10T12:56:00.000Z	1641823020000	164.33	164.33	164.11	164.13	27887	11074	16813	1004	2916	-2178241.597194793
2022-01-10T12:57:00.000Z	1641823080000	164.13	164.16	163.97	164.04	51770	22463	29307	3116	4485	-2181005.397704831
2022-01-10T12:58:00.000Z	1641823140000	164.04	164.16	164.03	164.15	25894	14383	11511	2214	1692	-2183594.295091831
2022-01-10T12:59:00.000Z	1641823200000	164.15	164.17	164.08	164.1	24401	12603	11798	2217	2142	-2185672.6353781647
2022-01-10T13:00:00.000Z	1641823260000	164.1	164.17	164.03	164.13	72537	36042	36495	4241	4677	-2187278.459248801
2022-01-10T13:01:00.000Z	1641823320000	164.13	164.36	164.14	164.35	24494	17144	7350	2661	899	-2187705.0121126557
2022-01-10T13:02:00.000Z	1641823380000	164.35	164.4	164.27	164.35	31184	17172	14012	2838	1574	-2187186.8886982333
2022-01-10T13:03:00.000Z	1641823440000	164.35	164.42	164.3	164.38	28788	12778	16010	2453	2163	-2186568.484692494
2022-01-10T13:04:00.000Z	1641823500000	164.38	164.48	164.37	164.47	18829	11212	7617	1975	2202	-2185835.8208090104
2022-01-10T13:05:00.000Z	1641823560000	164.47	164.48	164.33	164.44	24730	12379	12351	2317	2591	-2185113.883692221
2022-01-10T13:06:00.000Z	1641823620000	164.44	164.48	164.34	164.45	20518	7305	13213	2125	1853	-2184949.6624148474
2022-01-10T13:07:00.000Z	1641823680000	164.45	164.64	164.45	164.56	38271	22356	15915	2812	2135	-2184586.9662182084
2022-01-10T13:08:00.000Z	1641823740000	164.56	164.57	164.48	164.56	40121	19997	20124	2949	3225	-2184090.426905807
2022-01-10T13:09:00.000Z	1641823800000	164.56	164.67	164.54	164.62	91630	68528	23102	4723	6232	-2179367.0462562665
2022-01-10T13:10:00.000Z	1641823860000	164.62	164.63	164.37	164.37	24121	7826	16295	2575	3382	-2173523.128755127
2022-01-10T13:11:00.000Z	1641823920000	164.37	164.45	164.33	164.4	16556	8074	8482	2268	1522	-2167915.5598905585
2022-01-10T13:12:00.000Z	1641823980000	164.4	164.48	164.3	164.34	17801	9793	8008	1333	1746	-2163446.6399104567
2022-01-10T13:13:00.000Z	1641824040000	164.34	164.4	164.31	164.37	6312	2750	3562	1204	1291	-2159768.250835828
2022-01-10T13:14:00.000Z	1641824100000	164.37	164.41	164.36	164.38	16610	10549	6061	2018	969	-2156345.7809868897
2022-01-10T13:15:00.000Z	1641824160000	164.38	164.59	164.33	164.59	26463	18976	7487	3979	842	-2152253.7298983643
2022-01-10T13:16:00.000Z	1641824220000	164.59	164.69	164.57	164.65	15856	9484	6372	2327	1604	-2147790.4759774497
2022-01-10T13:17:00.000Z	1641824280000	164.65	164.66	164.51	164.57	17545	8033	9512	2161	1650	-2143736.4197391253
2022-01-10T13:18:00.000Z	1641824340000	164.57	164.58	164.45	164.46	13223	4212	9011	1185	3153	-2140851.070695648
2022-01-10T13:19:00.000Z	1641824400000	164.46	164.58	164.46	164.54	8292	4430	3862	1685	1373	-2138774.360872197
2022-01-10T13:20:00.000Z	1641824460000	164.54	164.63	164.44	164.62	16488	9563	6925	1715	1090	-2136946.416471191
2022-01-10T13:21:00.000Z	1641824520000	164.62	164.66	164.51	164.54	14342	4380	9962	935	2457	-2135781.189234005
2022-01-10T13:22:00.000Z	1641824580000	164.54	164.61	164.48	164.48	16864	8215	8649	1564	2425	-2135125.639676307
2022-01-10T13:23:00.000Z	1641824640000	164.48	164.57	164.49	164.51	10794	4531	6263	1606	1655	-2134942.19003819
2022-01-10T13:24:00.000Z	1641824700000	164.51	164.54	164.45	164.47	14683	7556	7127	1462	2315	-2134871.2160918526
2022-01-10T13:25:00.000Z	1641824760000	164.47	164.53	164.4	164.41	15513	7106	8407	1656	1296	-2134957.9040751522
2022-01-10T13:26:00.000Z	1641824820000	164.41	164.52	164.41	164.51	11294	5838	5456	1878	1412	-2135059.951819064
2022-01-10T13:27:00.000Z	1641824880000	164.51	164.64	164.48	164.59	23813	13012	10801	2446	1115	-2134958.718154992
2022-01-10T13:28:00.000Z	1641824940000	164.59	164.6	164.5	164.53	26842	17629	9213	1627	2154	-2133965.223944993
2022-01-10T13:29:00.000Z	1641825000000	164.53	164.65	164.52	164.58	9503	3876	5627	1233	1760	-2132734.486258025
2022-01-10T13:30:00.000Z	1641825060000	164.58	164.71	164.53	164.71	29420	10082	19338	5028	2166	-2132420.0645141415
2022-01-10T13:31:00.000Z	1641825120000	164.71	164.73	164.65	164.7	10766	5123	5643	1623	787	-2132824.113390358
2022-01-10T13:32:00.000Z	1641825180000	164.7	164.7	164.51	164.52	20897	8103	12794	2303	1934	-2133893.1533799903
2022-01-10T13:33:00.000Z	1641825240000	164.52	164.68	164.53	164.67	15582	11371	4211	2562	761	-2134416.9739775676
2022-01-10T13:34:00.000Z	1641825300000	164.67	164.84	164.64	164.84	31093	16119	14974	2572	1626	-2134449.675678616
2022-01-10T13:35:00.000Z	1641825360000	164.84	164.88	164.77	164.79	30721	19185	11536	2689	2452	-2133494.70434311
2022-01-10T13:36:00.000Z	1641825420000	164.79	164.97	164.78	164.93	29713	17697	12016	2636	2524	-2131698.6368867867
2022-01-10T13:37:00.000Z	1641825480000	164.93	164.93	164.75	164.8	15658	7570	8088	1231	1717	-2129700.127149795
2022-01-10T13:38:00.000Z	1641825540000	164.8	164.85	164.71	164.71	37532	20123	17409	1389	1620	-2127677.4979710444
2022-01-10T13:39:00.000Z	1641825600000	164.71	164.78	164.69	164.75	25557	15612	9945	2642	1449	-2125358.649855097
2022-01-10T13:40:00.000Z	1641825660000	164.75	164.89	164.75	164.83	31764	15790	15974	3525	2846	-2123052.4407905336
2022-01-10T13:41:00.000Z	1641825720000	164.83	164.86	164.78	164.85	27746	16144	11602	3623	2104	-2120592.0576164974
2022-01-10T13:42:00.000Z	1641825780000	164.85	164.97	164.77	164.78	24335	10392	13943	2474	3902	-2118632.1380498614
2022-01-10T13:43:00.000Z	1641825840000	164.78	164.8	164.6	164.6	27246	12255	14991	1838	2162	-2117354.870525644
2022-01-10T13:44:00.000Z	1641825900000	164.6	164.67	164.5	164.52	20241	12835	7406	2811	1869	-2116089.712248254
2022-01-10T13:45:00.000Z	1641825960000	164.52	164.64	164.52	164.6	15625	6816	8809	1420	971	-2114989.643354632
2022-01-10T13:46:00.000Z	1641826020000	164.6	164.6	164.5	164.58	8658	4516	4142	890	1853	-2114011.859714396
2022-01-10T13:47:00.000Z	1641826080000	164.58	164.6	164.54	164.55	7888	4801	3087	633	1449	-2113093.7640087483
2022-01-10T13:48:00.000Z	1641826140000	164.55	164.63	164.54	164.6	14502	8967	5535	1995	1787	-2111915.382673824
2022-01-10T13:49:00.000Z	1641826200000	164.6	164.63	164.51	164.59	7409	2541	4868	594	1519	-2110902.858551311
2022-01-10T13:50:00.000Z	1641826260000	164.59	164.6	164.37	164.39	26099	10806	15293	1523	3431	-2110519.369117739
2022-01-10T13:51:00.000Z	1641826320000	164.39	164.46	164.3	164.32	47237	15434	31803	3078	3105	-2112036.1504902714
2022-01-10T13:52:00.000Z	1641826380000	164.32	164.39	164.26	164.27	16908	6161	10747	1658	2581	-2114822.0928253736
2022-01-10T13:53:00.000Z	1641826440000	164.27	164.32	164.18	164.2	14295	4737	9558	1594	2950	-2118313.7426146995
2022-01-10T13:54:00.000Z	1641826500000	164.2	164.24	164.15	164.21	20949	13891	7058	1999	1899	-2120980.5166847543
2022-01-10T13:55:00.000Z	1641826560000	164.21	164.26	164.15	164.24	13694	6795	6899	1450	2192	-2122903.846984496
2022-01-10T13:56:00.000Z	1641826620000	164.24	164.36	164.21	164.34	14146	5169	8977	1097	2570	-2124622.905108527
2022-01-10T13:57:00.000Z	1641826680000	164.34	164.44	164.34	164.4	24656	8863	15793	1192	1498	-2126893.3466039463
2022-01-10T13:58:00.000Z	1641826740000	164.4	164.55	164.4	164.54	13029	6511	6518	1604	2306	-2129287.0108577744
2022-01-10T13:59:00.000Z	1641826800000	164.54	164.54	164.43	164.5	24469	12552	11917	1629	2121	-2131398.160398785
2022-01-10T14:00:00.000Z	1641826860000	164.5	164.72	164.52	164.65	20137	12453	7684	2351	2310	-2132653.6463868846
2022-01-10T14:01:00.000Z	1641826920000	164.65	164.7	164.62	164.62	10578	5937	4641	1199	781	-2133254.771286239
2022-01-10T14:02:00.000Z	1641826980000	164.62	164.62	164.32	164.38	25284	13041	12243	3731	2862	-2133450.994688741
2022-01-10T14:03:00.000Z	1641827040000	164.38	164.53	164.35	164.46	17993	9595	8398	1988	2158	-2133415.0865635155
2022-01-10T14:04:00.000Z	1641827100000	164.46	164.51	164.29	164.32	14442	6214	8228	1853	1182	-2133472.0708246944
2022-01-10T14:05:00.000Z	1641827160000	164.32	164.37	164.04	164.15	65186	29081	36105	5271	7548	-2134243.027644447
2022-01-10T14:06:00.000Z	1641827220000	164.15	164.17	163.89	163.95	30080	13213	16867	4049	4691	-2135692.719587881
2022-01-10T14:07:00.000Z	1641827280000	163.95	163.96	163.86	163.87	12575	5382	7193	1393	2381	-2137477.770571903
2022-01-10T14:08:00.000Z	1641827340000	163.87	163.85	163.78	163.79	13675	4933	8742	2038	1466	-2139505.0244073146
2022-01-10T14:09:00.000Z	1641827400000	163.79	164.02	163.79	163.99	16263	9245	7018	1759	965	-2141246.95936356
2022-01-10T14:10:00.000Z	1641827460000	163.99	164.19	164	164.18	17133	10218	6915	2687	1817	-2142352.360691398
2022-01-10T14:11:00.000Z	1641827520000	164.18	164.3	164.13	164.2	47150	25088	22062	3375	3740	-2142714.022383871
2022-01-10T14:12:00.000Z	1641827580000	164.2	164.27	163.99	164.06	32442	15748	16694	3504	3034	-2142812.4425565004
2022-01-10T14:13:00.000Z	1641827640000	164.06	164.1	163.98	163.98	7023	3286	3737	1022	1249	-2142899.6045159246
2022-01-10T14:14:00.000Z	1641827700000	163.98	164.04	163.91	163.94	15331	5741	9590	860	2101	-2143376.8279372714
2022-01-10T14:15:00.000Z	1641827760000	163.94	164.14	163.84	164.11	36046	19035	17011	2238	1520	-2143830.2228577677
2022-01-10T14:16:00.000Z	1641827820000	164.11	164.29	164.11	164.25	30602	15496	15106	2720	2579	-2144159.6974896886
2022-01-10T14:17:00.000Z	1641827880000	164.25	164.22	164.13	164.16	44861	22931	21930	3519	3757	-2144253.297946109
2022-01-10T14:18:00.000Z	1641827940000	164.16	164.24	164.14	164.2	13006	6830	6176	2541	2367	-2144197.9407437863
2022-01-10T14:19:00.000Z	1641828000000	164.2	164.44	164.21	164.31	54182	29591	24591	6407	2589	-2143628.133335825
2022-01-10T14:20:00.000Z	1641828060000	164.31	164.34	164.17	164.29	29027	13091	15936	1610	4402	-2143097.715153554
2022-01-10T14:21:00.000Z	1641828120000	164.29	164.39	164.18	164.18	47085	16955	30130	3615	2503	-2143882.373004423
2022-01-10T14:22:00.000Z	1641828180000	164.18	164.3	164.15	164.15	19385	9372	10013	1544	2677	-2145467.3354884675
2022-01-10T14:23:00.000Z	1641828240000	164.15	164.32	164.14	164.3	29941	15235	14706	1434	2625	-2147154.1229754128
2022-01-10T14:24:00.000Z	1641828300000	164.3	164.44	164.25	164.42	27441	20821	6620	1647	1403	-2147230.585464732
2022-01-10T14:25:00.000Z	1641828360000	164.42	164.51	164.36	164.5	24046	14434	9612	4016	2555	-2145978.0850772047
2022-01-10T14:26:00.000Z	1641828420000	164.5	164.59	164.49	164.57	18309	9995	8314	1429	1521	-2144077.9180934704
2022-01-10T14:27:00.000Z	1641828480000	164.57	164.56	164.48	164.5	111022	82693	28329	4031	4358	-2137333.0541976877
2022-01-10T14:28:00.000Z	1641828540000	164.5	164.51	164.42	164.47	27470	13644	13826	1714	1902	-2128485.3473738655
2022-01-10T14:29:00.000Z	1641828600000	164.47	164.55	164.42	164.47	17768	8731	9037	2327	1857	-2119637.7690634658
2022-01-10T14:30:00.000Z	1641828660000	164.47	164.47	164.25	164.27	34308	15731	18577	2607	2863	-2112681.629233745
2022-01-10T14:31:00.000Z	1641828720000	164.27	164.42	164.22	164.42	35176	22722	12454	4751	2129	-2106238.54513064
2022-01-10T14:32:00.000Z	1641828780000	164.42	164.75	164.39	164.73	33447	23856	9591	5059	1832	-2099134.052076584
2022-01-10T14:33:00.000Z	1641828840000	164.73	164.79	164.66	164.66	23564	12719	10845	1847	2444	-2091975.224426296
2022-01-10T14:34:00.000Z	1641828900000	164.66	164.82	164.64	164.81	22044	14813	7231	2821	1013	-2084882.8805912118
2022-01-10T14:35:00.000Z	1641828960000	164.81	165.04	164.79	165.01	37552	23696	13856	5165	2622	-2077669.2053322035
2022-01-10T14:36:00.000Z	1641829020000	165.01	164.99	164.79	164.8	29695	9346	20349	2201	3295	-2071941.2589081666
2022-01-10T14:37:00.000Z	1641829080000	164.8	164.84	164.75	164.83	22193	11669	10524	2560	1530	-2067519.3330460757
2022-01-10T14:38:00.000Z	1641829140000	164.83	164.97	164.85	164.96	35456	24442	11014	3081	3047	-2062944.696734668
2022-01-10T14:39:00.000Z	1641829200000	164.96	165.03	164.87	164.87	26451	9674	16777	2001	2615	-2058999.024601092
2022-01-10T14:40:00.000Z	1641829260000	164.87	165.09	164.88	165.01	46933	30724	16209	4240	2490	-2054474.7777039239
2022-01-10T14:41:00.000Z	1641829320000	165.01	165.25	164.97	164.98	163536	84607	78929	8252	8959	-2049592.484788059
2022-01-10T14:42:00.000Z	1641829380000	164.98	165.06	164.84	164.89	39515	19359	20156	5272	5329	-2044886.3663417452
2022-01-10T14:43:00.000Z	1641829440000	164.89	164.94	164.8	164.85	26554	10342	16212	2584	4224	-2041445.78458264
2022-01-10T14:44:00.000Z	1641829500000	164.85	165.06	164.8	164.99	31211	16222	14989	3943	4986	-2038898.5813251904
2022-01-10T14:45:00.000Z	1641829560000	164.99	165.25	164.94	165.21	70283	47563	22720	6057	5038	-2034659.2029024286
2022-01-10T14:46:00.000Z	1641829620000	165.21	165.32	165.18	165.23	54942	28046	26896	4775	4956	-2029543.075101987
2022-01-10T14:47:00.000Z	1641829680000	165.23	165.36	165.23	165.33	38496	26168	12328	3920	2414	-2023276.4553864743
2022-01-10T14:48:00.000Z	1641829740000	165.33	165.33	165.05	165.21	189863	92788	97075	8974	11160	-2017665.311982873
2022-01-10T14:49:00.000Z	1641829800000	165.21	165.29	165.13	165.25	50650	22737	27913	5010	5230	-2013385.3461678051
2022-01-10T14:50:00.000Z	1641829860000	165.25	165.39	165.09	165.31	142097	78196	63901	9043	5839	-2009027.6165615376
2022-01-10T14:51:00.000Z	1641829920000	165.31	165.38	165.26	165.33	55766	29551	26215	2403	3492	-2004449.413550349
2022-01-10T14:52:00.000Z	1641829980000	165.33	165.36	165.23	165.34	38765	22802	15963	2163	2552	-1999446.5201775583
2022-01-10T14:53:00.000Z	1641830040000	165.34	165.4	165.26	165.35	88791	55913	32878	3714	2724	-1992743.5771149718
2022-01-10T14:54:00.000Z	1641830100000	165.35	165.54	165.35	165.44	104326	50540	53786	5522	6567	-1985951.1388516435
2022-01-10T14:55:00.000Z	1641830160000	165.44	165.79	165.43	165.77	72085	40042	32043	3887	2063	-1979165.204514981
2022-01-10T14:56:00.000Z	1641830220000	165.77	165.77	165.65	165.68	42939	19506	23433	2276	2899	-1973583.6521789238
2022-01-10T14:57:00.000Z	1641830280000	165.68	165.79	165.66	165.72	36301	17351	18950	2248	2683	-1969157.8972373013
2022-01-10T14:58:00.000Z	1641830340000	165.72	165.96	165.72	165.96	36917	21071	15846	6258	1985	-1965277.7341032466
2022-01-10T14:59:00.000Z	1641830400000	165.96	166.17	165.91	165.97	161015	88422	72593	13968	11987	-1960395.8430541714
2022-01-11T08:31:00.000Z	1641893520000	165.35	165.34	164.75	164.84	47714	21849	25865	4005	5979	-1955648.992801898
2022-01-11T08:32:00.000Z	1641893580000	164.84	165.16	164.8	165.1	28224	13532	14692	4282	2656	-1951634.3880500377
2022-01-11T08:33:00.000Z	1641893640000	165.1	165.19	164.81	164.85	19853	8877	10976	2351	2253	-1948732.5296166975
2022-01-11T08:34:00.000Z	1641893700000	164.85	165.01	164.76	164.82	24163	14689	9474	3158	2759	-1946046.5545348737
2022-01-11T08:35:00.000Z	1641893760000	164.82	165.3	164.75	165.25	34816	10235	24581	2970	2741	-1944900.6658315633
2022-01-11T08:36:00.000Z	1641893820000	165.25	165.58	165.23	165.58	59652	31020	28632	5496	6477	-1944457.4538621882
2022-01-11T08:37:00.000Z	1641893880000	165.58	165.6	165.33	165.41	43120	15740	27380	5645	4908	-1945443.0077054268
2022-01-11T08:38:00.000Z	1641893940000	165.41	165.53	165.16	165.2	31608	14168	17440	3312	5937	-1947179.9153953493
2022-01-11T08:39:00.000Z	1641894000000	165.2	165.36	165.12	165.3	21246	11384	9862	3113	2302	-1949013.6883537706
2022-01-11T08:40:00.000Z	1641894060000	165.3	165.34	164.74	164.84	32664	9267	23397	4314	6014	-1951805.502592479
2022-01-11T08:41:00.000Z	1641894120000	164.84	164.93	164.49	164.54	57447	24704	32743	5051	7685	-1955630.774848392
2022-01-11T08:42:00.000Z	1641894180000	164.54	164.74	164.51	164.53	18060	12041	6019	4870	3062	-1959128.4824517146
2022-01-11T08:43:00.000Z	1641894240000	164.53	164.69	164.3	164.47	47342	24627	22715	5354	4450	-1961695.0613998878
2022-01-11T08:44:00.000Z	1641894300000	164.47	164.59	164.33	164.52	27749	11466	16283	3740	4709	-1963934.5350847568
2022-01-11T08:45:00.000Z	1641894360000	164.52	164.64	164.43	164.64	30924	16397	14527	5689	4692	-1965830.831736013
2022-01-11T08:46:00.000Z	1641894420000	164.64	164.96	164.65	164.95	34894	17778	17116	4226	4193	-1967354.8017234046
2022-01-11T08:47:00.000Z	1641894480000	164.95	165.04	164.88	165	24135	17564	6571	3642	3117	-1967505.5347433917
2022-01-11T08:48:00.000Z	1641894540000	165	164.97	164.63	164.63	20623	8459	12164	2238	3288	-1967279.37691126
2022-01-11T08:49:00.000Z	1641894600000	164.63	164.86	164.62	164.71	17700	12495	5205	3132	1207	-1966323.0356546673
2022-01-11T08:50:00.000Z	1641894660000	164.71	164.89	164.57	164.87	37867	23988	13879	6195	4913	-1964292.0291720005
2022-01-11T08:51:00.000Z	1641894720000	164.87	165.23	164.87	165.22	44291	25520	18771	7566	5726	-1961183.175383152
2022-01-11T08:52:00.000Z	1641894780000	165.22	165.29	165.11	165.24	65404	42843	22561	5648	4818	-1956080.3859195486
2022-01-11T08:53:00.000Z	1641894840000	165.24	165.23	165.08	165.14	32649	12381	20268	5043	3087	-1951188.6490856912
2022-01-11T08:54:00.000Z	1641894900000	165.14	165.16	164.72	164.72	24299	11033	13266	3578	5640	-1947252.7128882927
2022-01-11T08:55:00.000Z	1641894960000	164.72	164.75	164.42	164.66	59910	25442	34468	6959	9150	-1945227.2802419364
2022-01-11T08:56:00.000Z	1641895020000	164.66	164.91	164.6	164.91	17217	12013	5204	5206	2083	-1943565.805046433
2022-01-11T08:57:00.000Z	1641895080000	164.91	165.05	164.71	164.71	29396	15525	13871	2983	2795	-1941916.9010985966
2022-01-11T08:58:00.000Z	1641895140000	164.71	165.03	164.69	165.01	18380	10680	7700	2764	999	-1939990.313020064
2022-01-11T08:59:00.000Z	1641895200000	165.01	165.1	164.88	164.98	20004	8304	11700	1474	2482	-1938492.0136830828
2022-01-11T09:00:00.000Z	1641895260000	164.98	165.3	164.79	165.3	50578	27715	22863	4541	4403	-1936940.556649795
2022-01-11T09:01:00.000Z	1641895320000	165.3	165.3	165.14	165.28	22032	12551	9481	2172	1961	-1935200.9402892264
2022-01-11T09:02:00.000Z	1641895380000	165.28	165.37	165.17	165.3	21508	8030	13478	2443	3885	-1933939.799630579
2022-01-11T09:03:00.000Z	1641895440000	165.3	165.49	165.24	165.46	13288	6000	7288	2712	3771	-1933262.1996977464
2022-01-11T09:04:00.000Z	1641895500000	165.46	165.73	165.47	165.72	45694	30302	15392	6825	3750	-1931595.4967223986
2022-01-11T09:05:00.000Z	1641895560000	165.72	165.93	165.71	165.9	29289	16243	13046	4269	1763	-1929076.588227417
2022-01-11T09:06:00.000Z	1641895620000	165.9	165.94	165.81	165.88	24012	13682	10330	3220	3403	-1926065.3600648565
2022-01-11T09:07:00.000Z	1641895680000	165.88	165.92	165.75	165.82	57753	29421	28332	3787	2569	-1923202.597628822
2022-01-11T09:08:00.000Z	1641895740000	165.82	165.81	165.65	165.72	16872	10522	6350	2284	1430	-1920313.4889690361
2022-01-11T09:09:00.000Z	1641895800000	165.72	165.84	165.51	165.55	26783	14156	12627	3244	2888	-1917524.8243079993
2022-01-11T09:10:00.000Z	1641895860000	165.55	165.7	165.52	165.62	20443	10789	9654	4092	2400	-1914920.91685806
2022-01-11T09:11:00.000Z	1641895920000	165.62	165.79	165.63	165.73	27236	16353	10883	2213	2315	-1912178.0531868977
2022-01-11T09:12:00.000Z	1641895980000	165.73	166	165.74	165.96	95157	66140	29017	7083	4936	-1906193.1647286739
2022-01-11T09:13:00.000Z	1641896040000	165.96	166	165.77	165.79	33821	17283	16538	3738	3473	-1898813.0741719452
2022-01-11T09:14:00.000Z	1641896100000	165.79	165.88	165.68	165.71	21735	10809	10926	2539	2857	-1891615.36371644
2022-01-11T09:15:00.000Z	1641896160000	165.71	165.87	165.5	165.54	42549	22217	20332	4429	4096	-1885539.47940436
2022-01-11T09:16:00.000Z	1641896220000	165.54	165.59	165.4	165.46	28711	15344	13367	3689	2463	-1880277.877088416
2022-01-11T09:17:00.000Z	1641896280000	165.46	165.71	165.48	165.71	25138	15147	9991	3766	2227	-1875327.2630723403
2022-01-11T09:18:00.000Z	1641896340000	165.71	165.79	165.65	165.7	32600	13769	18831	3348	3998	-1871364.548574339
2022-01-11T09:19:00.000Z	1641896400000	165.7	165.78	165.61	165.7	18671	9852	8819	2722	1604	-1868178.9639850652
2022-01-11T09:20:00.000Z	1641896460000	165.7	165.81	165.61	165.61	17559	7569	9990	3098	1844	-1865883.45538172
2022-01-11T09:21:00.000Z	1641896520000	165.61	165.8	165.61	165.77	21576	9753	11823	1625	3261	-1864308.9180395892
2022-01-11T09:22:00.000Z	1641896580000	165.77	165.84	165.71	165.78	60114	28803	31311	4472	3042	-1863447.4783960276
2022-01-11T09:23:00.000Z	1641896640000	165.78	165.81	165.63	165.81	17025	11626	5399	1649	1633	-1862391.3005058407
2022-01-11T09:24:00.000Z	1641896700000	165.81	165.84	165.59	165.61	16076	7244	8832	2147	3948	-1861370.1246562938
2022-01-11T09:25:00.000Z	1641896760000	165.61	165.7	165.36	165.43	26687	9748	16939	3873	5026	-1861095.889870301
2022-01-11T09:26:00.000Z	1641896820000	165.43	165.6	165.38	165.52	28607	14731	13876	3769	3981	-1861277.7280757008
2022-01-11T09:27:00.000Z	1641896880000	165.52	165.7	165.5	165.62	25706	14027	11679	4375	3790	-1861379.1411528462
2022-01-11T09:28:00.000Z	1641896940000	165.62	165.71	165.55	165.61	12729	7164	5565	2362	2065	-1861148.5397311165
2022-01-11T09:29:00.000Z	1641897000000	165.61	165.74	165.51	165.63	19843	9943	9900	3342	3154	-1860787.8961436409
2022-01-11T09:30:00.000Z	1641897060000	165.63	166.06	165.6	165.94	26732	15449	11283	4534	2336	-1860063.0362387365
2022-01-11T09:31:00.000Z	1641897120000	165.94	165.94	165.41	165.45	125682	66006	59676	11021	10055	-1858640.7266195721
2022-01-11T09:32:00.000Z	1641897180000	165.45	165.6	165.38	165.47	38751	22634	16117	5726	4187	-1856374.6854160135
2022-01-11T09:33:00.000Z	1641897240000	165.47	165.54	165.44	165.46	13300	8250	5050	3189	1666	-1853642.954734314
2022-01-11T09:34:00.000Z	1641897300000	165.46	165.45	165.11	165.12	49492	19702	29790	3650	3675	-1851933.5690250448
2022-01-11T09:35:00.000Z	1641897360000	165.12	165.17	165.04	165.13	24393	10919	13474	3903	1940	-1851281.6776871579
2022-01-11T09:36:00.000Z	1641897420000	165.13	165.26	165.09	165.16	19311	10116	9195	3418	2010	-1851125.1302288868
2022-01-11T09:37:00.000Z	1641897480000	165.16	165.24	165.04	165.06	12666	4331	8335	1007	1734	-1851382.652005453
2022-01-11T09:38:00.000Z	1641897540000	165.06	165.24	165.1	165.21	11788	5525	6263	1883	1858	-1851875.2001256736
2022-01-11T09:39:00.000Z	1641897600000	165.21	165.3	165.15	165.2	13813	6200	7613	1935	1652	-1852572.7091937328
2022-01-11T09:40:00.000Z	1641897660000	165.2	165.19	165.03	165.04	16707	9008	7699	2976	2378	-1853132.398431236
2022-01-11T09:41:00.000Z	1641897720000	165.04	165.06	164.79	164.83	38316	13861	24455	3459	4714	-1854516.9017467687
2022-01-11T09:42:00.000Z	1641897780000	164.83	164.83	164.65	164.66	22934	7736	15198	3126	3914	-1856930.4347625077
2022-01-11T09:43:00.000Z	1641897840000	164.66	164.69	164.59	164.62	25218	11312	13906	2622	1474	-1859914.2345026578
2022-01-11T09:44:00.000Z	1641897900000	164.62	164.75	164.6	164.66	9536	5400	4136	1759	1158	-1862623.9494415685
2022-01-11T09:45:00.000Z	1641897960000	164.66	165.07	164.59	164.98	52659	30740	21919	3788	3266	-1864041.0798461318
2022-01-11T09:46:00.000Z	1641898020000	164.98	164.97	164.8	164.85	34850	19652	15198	5079	3036	-1864222.73199532
2022-01-11T09:47:00.000Z	1641898080000	164.85	164.95	164.73	164.86	36216	15839	20377	3749	3101	-1864246.6595113224
2022-01-11T09:48:00.000Z	1641898140000	164.86	165	164.81	164.84	27971	12979	14992	4611	4781	-1864589.2971759303
2022-01-11T09:49:00.000Z	1641898200000	164.84	164.86	164.66	164.75	11210	4383	6827	1795	3705	-1865351.334053034
2022-01-11T09:50:00.000Z	1641898260000	164.75	164.78	164.64	164.72	51630	5215	46415	2985	3240	-1869929.39452824
2022-01-11T09:51:00.000Z	1641898320000	164.72	164.84	164.62	164.81	15041	5120	9921	1640	2089	-1876682.5652200752
2022-01-11T09:52:00.000Z	1641898380000	164.81	164.88	164.78	164.8	10035	3413	6622	1628	2256	-1884039.0685133948
2022-01-11T09:53:00.000Z	1641898440000	164.8	164.88	164.77	164.87	42156	36030	6126	1663	1837	-1887679.4499958078
2022-01-11T09:54:00.000Z	1641898500000	164.87	164.93	164.84	164.93	15403	8003	7400	2349	1561	-1888888.0045420246
2022-01-11T09:55:00.000Z	1641898560000	164.93	165.05	164.91	164.97	12217	6794	5423	1272	1815	-1888809.4582616566
2022-01-11T09:56:00.000Z	1641898620000	164.97	164.97	164.78	164.87	26210	10095	16115	2812	4291	-1889191.1022140826
2022-01-11T09:57:00.000Z	1641898680000	164.87	164.92	164.81	164.87	18246	12105	6141	1683	3935	-1889284.477569098
2022-01-11T09:58:00.000Z	1641898740000	164.87	165.18	164.81	165.04	24205	16015	8190	4440	1847	-1888470.4816474437
2022-01-11T09:59:00.000Z	1641898800000	165.04	165.15	164.99	165.1	12862	7762	5100	2231	520	-1886907.5152873024
2022-01-11T10:00:00.000Z	1641898860000	165.1	165.26	165.09	165.21	17936	6633	11303	3349	1685	-1885654.815538096
2022-01-11T10:01:00.000Z	1641898920000	165.21	165.27	165.17	165.22	8873	3614	5259	1597	1623	-1884981.7884705635
2022-01-11T10:02:00.000Z	1641898980000	165.22	165.39	165.22	165.37	14004	5838	8166	2055	1669	-1884883.9784456126
2022-01-11T10:03:00.000Z	1641899040000	165.37	165.7	165.34	165.7	20688	15032	5656	4637	2210	-1884142.5278191376
2022-01-11T10:04:00.000Z	1641899100000	165.7	165.89	165.65	165.71	107006	48844	58162	7954	4869	-1883885.28033687
2022-01-11T10:05:00.000Z	1641899160000	165.71	165.89	165.73	165.82	11886	4700	7186	2041	2095	-1884181.4111847118
2022-01-11T10:06:00.000Z	1641899220000	165.82	166	165.82	165.96	48975	23293	25682	3625	3203	-1885073.912181431
2022-01-11T10:07:00.000Z	1641899280000	165.96	165.98	165.83	165.85	8414	2135	6279	545	1753	-1886400.9887545041
2022-01-11T10:08:00.000Z	1641899340000	165.85	165.93	165.82	165.82	7734	3134	4600	637	638	-1887943.5968597457
2022-01-11T10:09:00.000Z	1641899400000	165.82	165.91	165.69	165.77	56725	16597	40128	1299	2445	-1891559.3368246404
2022-01-11T10:10:00.000Z	1641899460000	165.77	165.96	165.81	165.96	19938	8735	11203	1956	1700	-1896212.5786140996
2022-01-11T10:11:00.000Z	1641899520000	165.96	166.05	165.9	165.94	53407	23414	29993	3233	4251	-1901480.5037145664
2022-01-11T10:12:00.000Z	1641899580000	165.94	166.31	165.95	166.27	55526	35798	19728	5027	4572	-1904803.2303119178
2022-01-11T10:13:00.000Z	1641899640000	166.27	166.58	166.3	166.54	95754	54927	40827	5746	4366	-1905465.430861266
2022-01-11T10:14:00.000Z	1641899700000	166.54	166.66	166.48	166.64	46251	21942	24309	2661	3721	-1904880.8979773996
2022-01-11T10:15:00.000Z	1641899760000	166.64	166.97	166.53	166.96	55267	29363	25904	3583	3083	-1903804.3710724178
2022-01-11T10:16:00.000Z	1641899820000	166.96	167.02	166.75	166.84	57285	27770	29515	4581	4275	-1902944.3036047055
2022-01-11T10:17:00.000Z	1641899880000	166.84	167.11	166.81	167.11	25884	15561	10323	3183	1716	-1901765.369615971
2022-01-11T10:18:00.000Z	1641899940000	167.11	167.2	167.08	167.19	25947	9614	16333	1217	1579	-1901147.0296857946
2022-01-11T10:19:00.000Z	1641900000000	167.19	167.22	167.07	167.09	23767	7671	16096	1386	1481	-1901655.5091368624
2022-01-11T10:20:00.000Z	1641900060000	167.09	167.14	166.73	166.81	45658	17054	28604	3462	5648	-1903835.749899857
2022-01-11T10:21:00.000Z	1641900120000	166.81	167.03	166.74	167.01	24290	15074	9216	2010	2125	-1906042.3408271556
2022-01-11T10:22:00.000Z	1641900180000	167.01	167.1	166.9	166.98	25359	15811	9548	2068	1281	-1907273.3394646426
2022-01-11T10:23:00.000Z	1641900240000	166.98	167.06	166.81	166.81	25681	10866	14815	3746	3975	-1908082.42925895
2022-01-11T10:24:00.000Z	1641900300000	166.81	166.91	166.78	166.89	18446	10313	8133	2832	2708	-1908595.7754542925
2022-01-11T10:25:00.000Z	1641900360000	166.89	167.01	166.86	166.96	31729	15670	16059	1829	3501	-1909038.6950686637
2022-01-11T10:26:00.000Z	1641900420000	166.96	167	166.83	166.99	15772	6957	8815	3124	2424	-1909527.5080864825
2022-01-11T10:27:00.000Z	1641900480000	166.99	167	166.89	166.95	13403	3800	9603	679	2136	-1910579.3854040918
2022-01-11T10:28:00.000Z	1641900540000	166.95	167.1	166.94	167.09	8600	5100	3500	1486	1351	-1911702.557754863
2022-01-11T10:29:00.000Z	1641900600000	167.09	167.24	167.06	167.21	12819	7419	5400	2492	1272	-1912516.850284282
2022-01-11T10:30:00.000Z	1641900660000	167.21	167.24	167.07	167.1	11989	4995	6994	780	1795	-1913193.9684144123
2022-01-11T10:31:00.000Z	1641900720000	167.1	167.09	166.99	167.06	9001	4664	4337	1788	2245	-1913778.216581489
2022-01-11T10:32:00.000Z	1641900780000	167.06	167.08	166.98	167.04	5855	2300	3555	410	1728	-1914411.0862939456
2022-01-11T10:33:00.000Z	1641900840000	167.04	167.07	166.99	167.02	15254	8364	6890	1219	1701	-1914861.0403011069
2022-01-11T10:34:00.000Z	1641900900000	167.02	167.05	166.97	167.05	9017	4600	4417	1847	1160	-1915161.245094845
2022-01-11T10:35:00.000Z	1641900960000	167.05	167.19	167.07	167.18	16049	10504	5545	1910	1052	-1914900.2914412369
2022-01-11T10:36:00.000Z	1641901020000	167.18	167.35	167.14	167.34	23067	12921	10146	3308	1722	-1914128.4202701028
2022-01-11T10:37:00.000Z	1641901080000	167.34	167.34	167.25	167.33	8530	3200	5330	1580	1146	-1913372.071130084
2022-01-11T10:38:00.000Z	1641901140000	167.33	167.5	167.3	167.48	13462	7917	5545	875	1943	-1912582.603651887
2022-01-11T10:39:00.000Z	1641901200000	167.48	167.58	167.45	167.53	11705	5216	6489	2282	1362	-1911973.1908666955
2022-01-11T10:40:00.000Z	1641901260000	167.53	167.76	167.49	167.74	37899	22945	14954	4084	2506	-1910753.3985879023
2022-01-11T10:41:00.000Z	1641901320000	167.74	167.76	167.7	167.75	16565	8671	7894	1521	1802	-1909239.0230870715
2022-01-11T10:42:00.000Z	1641901380000	167.75	167.81	167.69	167.81	10628	5307	5321	1128	1320	-1907712.018889422
2022-01-11T10:43:00.000Z	1641901440000	167.81	167.97	167.74	167.95	20500	9792	10708	1714	2671	-1906523.2275761939
2022-01-11T10:44:00.000Z	1641901500000	167.95	167.95	167.72	167.75	21887	7977	13910	839	2733	-1906145.883168401
2022-01-11T10:45:00.000Z	1641901560000	167.75	167.81	167.68	167.68	7721	3207	4514	886	1400	-1906343.298349904
2022-01-11T10:46:00.000Z	1641901620000	167.68	167.68	167.52	167.55	19682	9119	10563	1477	3753	-1906895.0925893153
2022-01-11T10:47:00.000Z	1641901680000	167.55	167.64	167.47	167.47	16886	7726	9160	1367	3443	-1907604.045451864
2022-01-11T10:48:00.000Z	1641901740000	167.47	167.61	167.47	167.6	17779	10811	6968	2835	1986	-1907965.4008242523
2022-01-11T10:49:00.000Z	1641901800000	167.6	167.62	167.47	167.51	23222	12084	11138	2322	2883	-1907985.6006743882
2022-01-11T10:50:00.000Z	1641901860000	167.51	167.7	167.52	167.68	11445	7245	4200	2355	911	-1907551.5217638933
2022-01-11T10:51:00.000Z	1641901920000	167.68	167.67	167.56	167.58	14215	6105	8110	750	2144	-1907165.426897731
2022-01-11T10:52:00.000Z	1641901980000	167.58	167.65	167.55	167.63	13780	7560	6220	2319	1426	-1906756.9553405677
2022-01-11T10:53:00.000Z	1641902040000	167.63	167.79	167.62	167.78	18345	11545	6800	3030	715	-1905970.9331574342
2022-01-11T10:54:00.000Z	1641902100000	167.78	167.81	167.7	167.76	17717	5667	12050	1446	1608	-1905579.9150075978
2022-01-11T10:55:00.000Z	1641902160000	167.76	167.76	167.68	167.72	14758	5398	9360	1352	1321	-1905863.2334910647
2022-01-11T10:56:00.000Z	1641902220000	167.72	167.75	167.66	167.69	9280	5279	4001	1531	945	-1906412.403159356
2022-01-11T10:57:00.000Z	1641902280000	167.69	167.82	167.64	167.82	8920	5309	3611	850	1023	-1906749.9662212913
2022-01-11T10:58:00.000Z	1641902340000	167.82	167.88	167.73	167.81	11955	3950	8005	1585	2504	-1907253.1541810567
2022-01-11T10:59:00.000Z	1641902400000	167.81	167.89	167.78	167.89	5635	3735	1900	773	437	-1907692.3382693494
2022-01-11T11:00:00.000Z	1641902460000	167.89	167.95	167.78	167.84	12276	7199	5077	1026	1699	-1907870.428280983
2022-01-11T11:01:00.000Z	1641902520000	167.84	167.93	167.85	167.87	8617	6688	1929	1681	569	-1907399.2898056526
2022-01-11T11:02:00.000Z	1641902580000	167.87	167.94	167.83	167.84	7450	3550	3900	1069	1287	-1906692.9037803824
2022-01-11T11:03:00.000Z	1641902640000	167.84	167.89	167.7	167.71	17114	6628	10486	1708	2145	-1906342.6788506159
2022-01-11T11:04:00.000Z	1641902700000	167.71	167.82	167.72	167.82	6699	4312	2387	1703	719	-1906125.555423231
2022-01-11T11:05:00.000Z	1641902760000	167.82	167.87	167.81	167.83	2502	1802	700	1784	760	-1905847.9695887042
2022-01-11T11:06:00.000Z	1641902820000	167.83	167.85	167.77	167.79	5724	2082	3642	613	2065	-1905637.5508756065
2022-01-11T11:07:00.000Z	1641902880000	167.79	167.79	167.73	167.73	7343	3009	4334	2503	1655	-1905646.9961709508
2022-01-11T11:08:00.000Z	1641902940000	167.73	167.74	167.66	167.71	6873	3223	3650	1217	1558	-1905821.1180792628
2022-01-11T11:09:00.000Z	1641903000000	167.71	167.8	167.69	167.8	4828	3597	1231	1293	485	-1905814.5208527301
2022-01-11T11:10:00.000Z	1641903060000	167.8	167.81	167.75	167.76	5281	3300	1981	450	727	-1905558.759485567
2022-01-11T11:11:00.000Z	1641903120000	167.76	167.77	167.64	167.7	12343	2939	9404	830	2099	-1905785.5910942517
2022-01-11T11:12:00.000Z	1641903180000	167.7	167.73	167.68	167.73	7492	4909	2583	1019	957	-1906111.5745316604
2022-01-11T11:13:00.000Z	1641903240000	167.73	167.75	167.69	167.72	4465	3172	1293	724	932	-1906262.4094652978
2022-01-11T11:14:00.000Z	1641903300000	167.72	167.75	167.68	167.74	8205	6389	1816	1071	704	-1905785.7289564558
2022-01-11T11:15:00.000Z	1641903360000	167.74	167.83	167.74	167.83	11064	6331	4733	1527	887	-1904916.353994676
2022-01-11T11:16:00.000Z	1641903420000	167.83	167.85	167.67	167.68	9648	2050	7598	745	1284	-1904473.9866017045
2022-01-11T11:17:00.000Z	1641903480000	167.68	167.69	167.56	167.68	12932	7073	5859	2300	1264	-1904289.5041892733
2022-01-11T11:18:00.000Z	1641903540000	167.68	167.7	167.62	167.66	7534	2512	5022	713	1385	-1904461.291306375
2022-01-11T11:19:00.000Z	1641903600000	167.66	167.71	167.65	167.71	6293	3862	2431	823	290	-1904587.086826428
2022-01-11T11:20:00.000Z	1641903660000	167.71	167.78	167.7	167.7	6783	4567	2216	2080	623	-1904465.6164943501
2022-01-11T11:21:00.000Z	1641903720000	167.7	167.72	167.66	167.66	7483	3133	4350	749	819	-1904291.0195559834
2022-01-11T11:22:00.000Z	1641903780000	167.66	167.74	167.66	167.7	7780	6234	1546	966	327	-1903724.5008488349
2022-01-11T11:23:00.000Z	1641903840000	167.7	167.7	167.58	167.58	6002	2023	3979	515	798	-1903191.5613005618
2022-01-11T11:24:00.000Z	1641903900000	167.58	167.65	167.57	167.58	6077	4508	1569	1094	1000	-1902464.822882278
2022-01-11T11:25:00.000Z	1641903960000	167.58	167.61	167.38	167.39	21370	9665	11705	1892	2317	-1901936.8247824698
2022-01-11T11:26:00.000Z	1641904020000	167.39	167.42	167.28	167.32	15793	9341	6452	917	1355	-1901276.7657311116
2022-01-11T11:27:00.000Z	1641904080000	167.32	167.33	167.24	167.31	5076	2812	2264	998	348	-1900573.6265072732
2022-01-11T11:28:00.000Z	1641904140000	167.31	167.29	167.12	167.13	9188	3368	5820	151	1735	-1900100.4822938296
2022-01-11T11:29:00.000Z	1641904200000	167.13	167.18	167.1	167.15	20341	9007	11334	2131	1615	-1900056.9097555575
2022-01-11T11:30:00.000Z	1641904260000	167.15	167.27	167.11	167.26	8436	4739	3697	1007	584	-1900141.8655575775
2022-01-11T11:31:00.000Z	1641904320000	167.26	167.31	167.25	167.31	5723	4123	1600	811	156	-1899989.3748501393
2022-01-11T11:32:00.000Z	1641904380000	167.31	167.38	167.25	167.36	15175	11481	3694	1825	637	-1898972.2157864776
2022-01-11T11:33:00.000Z	1641904440000	167.36	167.39	167.28	167.29	4922	1824	3098	640	593	-1897707.418976815
2022-01-11T11:34:00.000Z	1641904500000	167.29	167.31	167.21	167.21	9289	1753	7536	1002	1748	-1897039.5549204245
2022-01-11T11:35:00.000Z	1641904560000	167.21	167.23	167.15	167.15	9554	5234	4320	2039	1496	-1896799.1206924685
2022-01-11T11:36:00.000Z	1641904620000	167.15	167.25	167.16	167.25	5863	4563	1300	2245	110	-1896425.6138998985
2022-01-11T11:37:00.000Z	1641904680000	167.25	167.35	167.19	167.35	8603	6722	1881	1041	779	-1895454.471978705
2022-01-11T11:38:00.000Z	1641904740000	167.35	167.42	167.33	167.36	8104	3200	4904	602	816	-1894422.5376795465
2022-01-11T11:39:00.000Z	1641904800000	167.36	167.34	167.18	167.24	22815	12342	10473	2584	3437	-1893364.8944650835
2022-01-11T11:40:00.000Z	1641904860000	167.24	167.22	167.15	167.21	15859	9940	5919	1190	1166	-1892072.3681987047
2022-01-11T11:41:00.000Z	1641904920000	167.21	167.32	167.2	167.31	28743	20727	8016	2588	975	-1889558.9679201522
2022-01-11T11:42:00.000Z	1641904980000	167.31	167.37	167.29	167.37	12360	6792	5568	1026	512	-1886499.0646619427
2022-01-11T11:43:00.000Z	1641905040000	167.37	167.39	167.29	167.32	10626	4396	6230	691	967	-1883702.871087044
2022-01-11T11:44:00.000Z	1641905100000	167.32	167.4	167.31	167.39	12020	6904	5116	866	496	-1881326.5914954601
2022-01-11T11:45:00.000Z	1641905160000	167.39	167.4	167.34	167.38	7735	3504	4231	463	570	-1879395.6657690129
2022-01-11T11:46:00.000Z	1641905220000	167.38	167.37	167.31	167.33	4531	2200	2331	217	572	-1877817.605326162
2022-01-11T11:47:00.000Z	1641905280000	167.33	167.4	167.3	167.35	24072	10892	13180	1010	1553	-1876764.434660799
2022-01-11T11:48:00.000Z	1641905340000	167.35	167.37	167.3	167.32	8192	4792	3400	871	664	-1875918.8404800477
2022-01-11T11:49:00.000Z	1641905400000	167.32	167.34	167.24	167.25	7486	4347	3139	1155	988	-1875102.142210948
2022-01-11T11:50:00.000Z	1641905460000	167.25	167.32	167.25	167.32	11476	5818	5658	501	1214	-1874303.9951422908
2022-01-11T11:51:00.000Z	1641905520000	167.32	167.37	167.29	167.31	5082	2750	2332	816	442	-1873566.6626921773
2022-01-11T11:52:00.000Z	1641905580000	167.31	167.44	167.3	167.44	9572	6208	3364	1131	1847	-1872674.6634148117
2022-01-11T11:53:00.000Z	1641905640000	167.44	167.46	167.38	167.4	4782	2300	2482	1590	561	-1871776.3609757551
2022-01-11T11:54:00.000Z	1641905700000	167.4	167.44	167.41	167.44	3050	2100	950	1348	132	-1870861.6892831936
2022-01-11T11:55:00.000Z	1641905760000	167.44	167.46	167.37	167.41	7320	4884	2436	1172	748	-1869826.594262007
2022-01-11T11:56:00.000Z	1641905820000	167.41	167.46	167.41	167.45	4634	3228	1406	1771	580	-1868630.8498507328
2022-01-11T11:57:00.000Z	1641905880000	167.45	167.47	167.41	167.44	11900	10570	1330	262	234	-1866627.90745363
2022-01-11T11:58:00.000Z	1641905940000	167.44	167.44	167.28	167.34	7794	3845	3949	796	1232	-1864383.3788256971
2022-01-11T11:59:00.000Z	1641906000000	167.34	167.41	167.35	167.36	3774	2400	1374	570	305	-1862179.9766149644
2022-01-11T12:00:00.000Z	1641906060000	167.36	167.38	167.22	167.29	20728	3811	16917	950	1201	-1861509.6172304254
2022-01-11T12:01:00.000Z	1641906120000	167.29	167.31	167.08	167.1	42304	11938	30366	2369	2920	-1863399.6262188328
2022-01-11T12:02:00.000Z	1641906180000	167.1	167.24	167.11	167.24	10794	8136	2658	1458	1403	-1865961.997209348
2022-01-11T12:03:00.000Z	1641906240000	167.24	167.24	167.15	167.22	7189	3868	3321	1756	879	-1868235.1795349212
2022-01-11T12:04:00.000Z	1641906300000	167.22	167.25	167.19	167.22	4798	1898	2900	564	548	-1869986.9953770568
2022-01-11T12:05:00.000Z	1641906360000	167.22	167.23	166.94	166.95	15236	5367	9869	695	2029	-1871873.7234903192
2022-01-11T12:06:00.000Z	1641906420000	166.95	167.1	166.94	167.05	12611	6611	6000	1951	2064	-1873665.0767951098
2022-01-11T12:07:00.000Z	1641906480000	167.05	167.11	166.98	167.03	6581	3658	2923	1282	999	-1875163.305256605
2022-01-11T12:08:00.000Z	1641906540000	167.03	167.17	167.06	167.11	6261	4006	2255	1445	792	-1876166.8861190404
2022-01-11T12:09:00.000Z	1641906600000	167.11	167.13	167.08	167.1	5294	3205	2089	1145	617	-1876758.1492489118
2022-01-11T12:10:00.000Z	1641906660000	167.1	167.17	167.11	167.16	3866	2196	1670	1359	139	-1877073.3948400188
2022-01-11T12:11:00.000Z	1641906720000	167.16	167.26	167.15	167.23	5415	3306	2109	850	385	-1877156.8078994094
2022-01-11T12:12:00.000Z	1641906780000	167.23	167.27	167.22	167.27	7408	3524	3884	305	476	-1877169.297372244
2022-01-11T12:13:00.000Z	1641906840000	167.27	167.37	167.25	167.37	16310	9995	6315	397	73	-1876830.5160318362
2022-01-11T12:14:00.000Z	1641906900000	167.37	167.47	167.38	167.41	9084	4133	4951	1830	834	-1876415.5737230175
2022-01-11T12:15:00.000Z	1641906960000	167.41	167.44	167.38	167.44	7087	3083	4004	2209	1079	-1876097.8633491355
2022-01-11T12:16:00.000Z	1641907020000	167.44	167.45	167.4	167.43	3752	1915	1837	640	815	-1875911.4336492927
2022-01-11T12:17:00.000Z	1641907080000	167.43	167.47	167.45	167.47	1200	1000	200	614	230	-1875709.3548039668
2022-01-11T12:18:00.000Z	1641907140000	167.47	167.5	167.43	167.5	2819	1619	1200	520	536	-1875455.0781729426
2022-01-11T12:19:00.000Z	1641907200000	167.5	167.53	167.45	167.53	5558	3667	1891	1383	321	-1875035.9427475592
2022-01-11T12:20:00.000Z	1641907260000	167.53	167.68	167.52	167.68	5998	3898	2100	1434	771	-1874409.2258843665
2022-01-11T12:21:00.000Z	1641907320000	167.68	167.73	167.68	167.68	11995	8924	3071	1468	105	-1873201.5787538756
2022-01-11T12:22:00.000Z	1641907380000	167.68	167.68	167.63	167.66	6236	3800	2436	470	405	-1871680.2917077164
2022-01-11T12:23:00.000Z	1641907440000	167.66	167.66	167.59	167.61	6366	4666	1700	1195	917	-1869905.9356396468
2022-01-11T12:24:00.000Z	1641907500000	167.61	167.73	167.64	167.72	5707	4507	1200	950	105	-1867932.4624930443
2022-01-11T12:25:00.000Z	1641907560000	167.72	167.72	167.66	167.68	7024	5216	1808	448	288	-1865717.681433703
2022-01-11T12:26:00.000Z	1641907620000	167.68	167.69	167.63	167.63	12918	4525	8393	650	1269	-1863950.4666275752
2022-01-11T12:27:00.000Z	1641907680000	167.63	167.66	167.59	167.6	6787	4344	2443	1347	1728	-1862462.896937713
2022-01-11T12:28:00.000Z	1641907740000	167.6	167.67	167.6	167.63	14085	6485	7600	1774	534	-1861349.158100553
2022-01-11T12:29:00.000Z	1641907800000	167.63	167.64	167.54	167.56	5299	2300	2999	734	425	-1860511.432385301
2022-01-11T12:30:00.000Z	1641907860000	167.56	167.63	167.55	167.63	9926	7094	2832	1455	320	-1859514.7174061553
2022-01-11T12:31:00.000Z	1641907920000	167.63	167.63	167.59	167.61	5206	3120	2086	1163	245	-1858368.1021201876
2022-01-11T12:32:00.000Z	1641907980000	167.61	167.62	167.5	167.54	8794	3103	5691	1026	2617	-1857473.4168862142
2022-01-11T12:33:00.000Z	1641908040000	167.54	167.57	167.53	167.53	9300	4400	4900	1488	1806	-1856912.371391751
2022-01-11T12:34:00.000Z	1641908100000	167.53	167.63	167.53	167.61	46820	43695	3125	6190	670	-1852873.879623554
2022-01-11T12:35:00.000Z	1641908160000	167.61	167.64	167.55	167.63	69843	51042	18801	2601	1948	-1844195.0227223018
2022-01-11T12:36:00.000Z	1641908220000	167.63	167.65	167.54	167.55	106209	86324	19885	1121	3516	-1827870.8367727923
2022-01-11T12:37:00.000Z	1641908280000	167.55	167.6	167.55	167.59	13999	6799	7200	1201	641	-1809547.5331171332
2022-01-11T12:38:00.000Z	1641908340000	167.59	167.61	167.56	167.56	8195	4900	3295	408	1111	-1792420.8301261393
2022-01-11T12:39:00.000Z	1641908400000	167.56	167.59	167.52	167.55	10593	6246	4347	1185	1716	-1778150.3155577504
2022-01-11T12:40:00.000Z	1641908460000	167.55	167.58	167.48	167.56	7969	4720	3249	942	528	-1766176.9854563412
2022-01-11T12:41:00.000Z	1641908520000	167.56	167.59	167.54	167.59	6483	4374	2109	796	865	-1756028.018403673
2022-01-11T12:42:00.000Z	1641908580000	167.59	167.62	167.58	167.58	6853	4477	2376	1283	1006	-1747351.4696030053
2022-01-11T12:43:00.000Z	1641908640000	167.58	167.62	167.56	167.62	7344	3511	3833	882	1207	-1740085.7781600347
2022-01-11T12:44:00.000Z	1641908700000	167.62	167.66	167.6	167.6	6151	2284	3867	375	1207	-1734240.8791006345
2022-01-11T12:45:00.000Z	1641908760000	167.6	167.68	167.63	167.66	16773	10527	6246	1215	568	-1729175.2041126403
2022-01-11T12:46:00.000Z	1641908820000	167.66	167.74	167.64	167.72	28200	13299	14901	2651	1315	-1724964.7124557965
2022-01-11T12:47:00.000Z	1641908880000	167.72	167.79	167.73	167.79	11131	8027	3104	2106	1191	-1721039.582918379
2022-01-11T12:48:00.000Z	1641908940000	167.79	167.78	167.65	167.65	8949	2955	5994	774	1890	-1717854.56784231
2022-01-11T12:49:00.000Z	1641909000000	167.65	167.63	167.51	167.57	18519	6600	11919	650	1748	-1715767.191870981
2022-01-11T12:50:00.000Z	1641909060000	167.57	167.6	167.55	167.58	5975	3920	2055	1664	704	-1714304.247894439
2022-01-11T12:51:00.000Z	1641909120000	167.58	167.61	167.55	167.61	7165	4214	2951	951	592	-1713040.627065147
2022-01-11T12:52:00.000Z	1641909180000	167.61	167.61	167.53	167.57	10193	5983	4210	599	402	-1711712.5130533022
2022-01-11T12:53:00.000Z	1641909240000	167.57	167.58	167.55	167.58	8291	6491	1800	1010	449	-1710053.6924981563
2022-01-11T12:54:00.000Z	1641909300000	167.58	167.6	167.54	167.56	9170	5386	3784	1209	1440	-1708212.809013643
2022-01-11T12:55:00.000Z	1641909360000	167.56	167.6	167.55	167.58	6500	3400	3100	1930	733	-1706440.116465708
2022-01-11T12:56:00.000Z	1641909420000	167.58	167.62	167.58	167.6	4574	2509	2065	608	966	-1704882.6407446703
2022-01-11T12:57:00.000Z	1641909480000	167.6	167.72	167.57	167.71	8718	6454	2264	1474	289	-1703191.4333365485
2022-01-11T12:58:00.000Z	1641909540000	167.71	167.7	167.63	167.66	29104	26574	2530	291	590	-1699354.5060632366
2022-01-11T12:59:00.000Z	1641909600000	167.66	167.72	167.62	167.72	7800	5700	2100	1823	886	-1694303.7473850723
2022-01-11T13:00:00.000Z	1641909660000	167.72	167.77	167.64	167.64	28253	15439	12814	1892	2643	-1688985.88422415
2022-01-11T13:01:00.000Z	1641909720000	167.64	167.67	167.58	167.65	6000	4000	2000	841	735	-1684184.9052743046
2022-01-11T13:02:00.000Z	1641909780000	167.65	167.64	167.56	167.63	11588	6904	4684	1728	1323	-1679854.2558304917
2022-01-11T13:03:00.000Z	1641909840000	167.63	167.71	167.63	167.67	7083	4816	2267	1597	651	-1675884.1184067659
2022-01-11T13:04:00.000Z	1641909900000	167.67	167.67	167.61	167.61	9634	2435	7199	253	1606	-1672847.1574843235
2022-01-11T13:05:00.000Z	1641909960000	167.61	167.66	167.62	167.62	2509	1400	1109	299	939	-1670547.401578083
2022-01-11T13:06:00.000Z	1641910020000	167.62	167.63	167.56	167.61	17583	10051	7532	2865	1318	-1668563.5103820679
2022-01-11T13:07:00.000Z	1641910080000	167.61	167.64	167.57	167.58	9602	6177	3425	574	377	-1666528.6600095707
2022-01-11T13:08:00.000Z	1641910140000	167.58	167.65	167.53	167.54	10169	5681	4488	674	810	-1664512.206674497
2022-01-11T13:09:00.000Z	1641910200000	167.54	167.56	167.32	167.44	86631	32219	54412	3320	5483	-1664724.2297033763
2022-01-11T13:10:00.000Z	1641910260000	167.44	167.49	167.37	167.48	10549	6099	4450	1626	1587	-1666056.672787611
2022-01-11T13:11:00.000Z	1641910320000	167.48	167.48	167.42	167.44	4158	2258	1900	771	153	-1667686.883795924
2022-01-11T13:12:00.000Z	1641910380000	167.44	167.53	167.4	167.4	8501	2682	5819	224	1476	-1669234.207954241
2022-01-11T13:13:00.000Z	1641910440000	167.4	167.55	167.4	167.52	15320	10722	4598	1827	2073	-1670122.7459019548
2022-01-11T13:14:00.000Z	1641910500000	167.52	167.56	167.5	167.51	3710	1202	2508	378	773	-1670692.3678591752
2022-01-11T13:15:00.000Z	1641910560000	167.51	167.55	167.48	167.49	5646	2500	3146	809	577	-1671110.725218113
2022-01-11T13:16:00.000Z	1641910620000	167.49	167.56	167.49	167.53	4073	805	3268	614	1487	-1671755.6539663349
2022-01-11T13:17:00.000Z	1641910680000	167.53	167.57	167.52	167.53	6180	4054	2126	513	530	-1672276.8986997285
2022-01-11T13:18:00.000Z	1641910740000	167.53	167.59	167.54	167.57	1909	1302	607	668	42	-1672597.9777240204
2022-01-11T13:19:00.000Z	1641910800000	167.57	167.62	167.55	167.56	5651	2451	3200	900	237	-1672828.2241984408
2022-01-11T13:20:00.000Z	1641910860000	167.56	167.59	167.54	167.55	3355	1750	1605	765	471	-1673027.7591926637
2022-01-11T13:21:00.000Z	1641910920000	167.55	167.54	167.44	167.48	7621	2906	4715	603	2325	-1673369.3787333916
2022-01-11T13:22:00.000Z	1641910980000	167.48	167.51	167.46	167.48	6121	4301	1820	697	206	-1673528.5826000478
2022-01-11T13:23:00.000Z	1641911040000	167.48	167.59	167.49	167.59	8142	5542	2600	821	873	-1673295.84030913
2022-01-11T13:24:00.000Z	1641911100000	167.59	167.63	167.56	167.6	28525	1822	26703	411	1018	-1675113.8390408033
2022-01-11T13:25:00.000Z	1641911160000	167.6	167.62	167.56	167.58	9223	2905	6318	615	755	-1678330.3531545966
2022-01-11T13:26:00.000Z	1641911220000	167.58	167.6	167.55	167.6	5556	3015	2541	693	417	-1681879.7737931549
2022-01-11T13:27:00.000Z	1641911280000	167.6	167.63	167.6	167.62	2958	2147	811	855	316	-1684737.087648945
2022-01-11T13:28:00.000Z	1641911340000	167.62	167.65	167.6	167.63	5107	3201	1906	856	285	-1686861.8292885306
2022-01-11T13:29:00.000Z	1641911400000	167.63	167.64	167.59	167.64	4699	2155	2544	345	200	-1688516.6482057674
2022-01-11T13:30:00.000Z	1641911460000	167.64	167.64	167.54	167.59	17834	7764	10070	1220	1873	-1690064.5606532036
2022-01-11T13:31:00.000Z	1641911520000	167.59	167.62	167.47	167.49	26616	13000	13616	1915	1740	-1691538.5799283788
2022-01-11T13:32:00.000Z	1641911580000	167.49	167.55	167.45	167.49	14038	7100	6938	2320	1300	-1692837.0805474615
2022-01-11T13:33:00.000Z	1641911640000	167.49	167.5	167.4	167.47	17020	12368	4652	1548	514	-1693206.8840842866
2022-01-11T13:34:00.000Z	1641911700000	167.47	167.52	167.45	167.52	11085	4567	6518	1101	402	-1693214.2687962346
2022-01-11T13:35:00.000Z	1641911760000	167.52	167.53	167.44	167.53	17447	6723	10724	624	1460	-1693468.4623484344
2022-01-11T13:36:00.000Z	1641911820000	167.53	167.58	167.52	167.58	4992	1798	3194	1021	1292	-1694104.9540426584
2022-01-11T13:37:00.000Z	1641911880000	167.58	167.62	167.57	167.62	2844	2404	440	511	497	-1694653.0230045994
2022-01-11T13:38:00.000Z	1641911940000	167.62	167.63	167.59	167.62	4248	1930	2318	651	228	-1695059.9885189147
2022-01-11T13:39:00.000Z	1641912000000	167.62	167.76	167.6	167.73	10547	7563	2984	1476	369	-1694940.6875760816
2022-01-11T13:40:00.000Z	1641912060000	167.73	167.78	167.7	167.73	9059	5934	3125	904	660	-1694321.9565016425
2022-01-11T13:41:00.000Z	1641912120000	167.73	167.79	167.72	167.76	4255	1992	2263	463	403	-1693531.3583498287
2022-01-11T13:42:00.000Z	1641912180000	167.76	167.8	167.77	167.78	6391	4305	2086	582	677	-1692614.0810741023
2022-01-11T13:43:00.000Z	1641912240000	167.78	167.79	167.7	167.7	9953	5028	4925	313	874	-1691727.9451212352
2022-01-11T13:44:00.000Z	1641912300000	167.7	167.86	167.7	167.84	7393	5115	2278	933	973	-1690671.5308567681
2022-01-11T13:45:00.000Z	1641912360000	167.84	167.87	167.81	167.85	6376	4548	1828	1051	277	-1689384.85857978
2022-01-11T13:46:00.000Z	1641912420000	167.85	167.96	167.87	167.9	10754	8516	2238	828	1519	-1687510.5812622441
2022-01-11T13:47:00.000Z	1641912480000	167.9	167.94	167.9	167.94	6022	1489	4533	1236	460	-1685790.899820624
2022-01-11T13:48:00.000Z	1641912540000	167.94	167.97	167.93	167.96	3809	2500	1309	871	249	-1684269.8574289954
2022-01-11T13:49:00.000Z	1641912600000	167.96	168.04	167.94	168.01	24204	6885	17319	1737	558	-1683993.9742600871
2022-01-11T13:50:00.000Z	1641912660000	168.01	168.02	167.94	167.97	7328	2000	5328	803	1146	-1684667.0698491621
2022-01-11T13:51:00.000Z	1641912720000	167.97	167.95	167.88	167.91	4952	1600	3352	451	799	-1685894.9359371932
2022-01-11T13:52:00.000Z	1641912780000	167.91	167.92	167.87	167.91	5708	4353	1355	1595	206	-1686834.0384940673
2022-01-11T13:53:00.000Z	1641912840000	167.91	168.01	167.91	167.99	4058	2600	1458	618	469	-1687369.9708890854
2022-01-11T13:54:00.000Z	1641912900000	167.99	168.02	167.93	167.98	52414	28506	23908	3682	2203	-1687230.4004244031
2022-01-11T13:55:00.000Z	1641912960000	167.98	168.05	167.94	168.04	6968	4811	2157	998	768	-1686561.6609532996
2022-01-11T13:56:00.000Z	1641913020000	168.04	168.14	168.05	168.14	16022	9522	6500	1424	1559	-1685439.601386033
2022-01-11T13:57:00.000Z	1641913080000	168.14	168.15	168.06	168.06	11500	6500	5000	743	1423	-1684121.613255239
2022-01-11T13:58:00.000Z	1641913140000	168.06	168.06	167.96	168	7872	4231	3641	728	1530	-1682807.138117923
2022-01-11T13:59:00.000Z	1641913200000	168	167.99	167.87	167.87	11625	6325	5300	653	361	-1681557.2645207248
2022-01-11T14:00:00.000Z	1641913260000	167.87	167.98	167.87	167.94	18887	9457	9430	1308	1507	-1680452.1861230172
2022-01-11T14:01:00.000Z	1641913320000	167.94	168.02	167.91	167.95	29719	10936	18783	3399	2989	-1680228.6977370142
2022-01-11T14:02:00.000Z	1641913380000	167.95	168.02	167.95	167.99	5983	3615	2368	498	1218	-1680407.2375424055
2022-01-11T14:03:00.000Z	1641913440000	167.99	167.98	167.85	167.98	12215	3964	8251	1626	1967	-1681105.2549589379
2022-01-11T14:04:00.000Z	1641913500000	167.98	167.98	167.92	167.97	17163	10529	6634	1288	2143	-1681544.2995118583
2022-01-11T14:05:00.000Z	1641913560000	167.97	168.06	167.95	168.03	10747	7751	2996	941	1381	-1681365.0935400052
2022-01-11T14:06:00.000Z	1641913620000	168.03	168.1	167.98	168.1	26743	19254	7489	2016	1061	-1679742.7128963678
2022-01-11T14:07:00.000Z	1641913680000	168.1	168.13	168.05	168.13	16782	9752	7030	2017	1211	-1677310.7347939978
2022-01-11T14:08:00.000Z	1641913740000	168.13	168.18	168.12	168.18	21693	13970	7723	2924	1496	-1674231.5405890285
2022-01-11T14:09:00.000Z	1641913800000	168.18	168.19	168.07	168.09	17540	6371	11169	1054	1714	-1671687.2907849627
2022-01-11T14:10:00.000Z	1641913860000	168.09	168.11	168.05	168.06	9605	4809	4796	524	2162	-1669705.9348846665
2022-01-11T14:11:00.000Z	1641913920000	168.06	168.06	167.96	168	19622	7599	12023	481	2054	-1668631.6133904846
2022-01-11T14:12:00.000Z	1641913980000	168	168.04	167.94	168.01	14847	8056	6791	1389	704	-1667905.3503497904
2022-01-11T14:13:00.000Z	1641914040000	168.01	168.03	167.99	168	6428	3672	2756	540	2078	-1667285.2563467983
2022-01-11T14:14:00.000Z	1641914100000	168	168.11	168	168.1	10293	6533	3760	1690	357	-1666431.967314047
2022-01-11T14:15:00.000Z	1641914160000	168.1	168.19	168.1	168.14	18592	11090	7502	2053	2813	-1665211.821741796
2022-01-11T14:16:00.000Z	1641914220000	168.14	168.18	168.13	168.13	9822	4645	5177	3084	1221	-1663960.399606924
2022-01-11T14:17:00.000Z	1641914280000	168.13	168.14	168	168	18088	7162	10926	1607	2574	-1663202.2057389985
2022-01-11T14:18:00.000Z	1641914340000	168	168.04	167.98	168.01	11573	6395	5178	1716	1099	-1662715.4713622108
2022-01-11T14:19:00.000Z	1641914400000	168.01	168.04	167.98	168.02	15790	11877	3913	2011	1022	-1661633.5371751422
2022-01-11T14:20:00.000Z	1641914460000	168.02	168.12	168	168.11	16985	10628	6357	2553	1400	-1659840.500112995
2022-01-11T14:21:00.000Z	1641914520000	168.11	168.1	168.03	168.07	17502	9407	8095	1470	3047	-1657754.0152439657
2022-01-11T14:22:00.000Z	1641914580000	168.07	168.09	168.02	168.07	13607	5749	7858	650	1155	-1656029.6791390022
2022-01-11T14:23:00.000Z	1641914640000	168.07	168.12	168	168.01	14809	4887	9922	640	1458	-1655164.6465682746
2022-01-11T14:24:00.000Z	1641914700000	168.01	168.05	167.93	167.94	13879	6226	7653	1088	1843	-1654955.680525558
2022-01-11T14:25:00.000Z	1641914760000	167.94	168.02	167.9	167.9	34242	9450	24792	1737	3734	-1656418.4961875777
2022-01-11T14:26:00.000Z	1641914820000	167.9	167.94	167.88	167.91	16515	7024	9491	693	1423	-1658812.6786989272
2022-01-11T14:27:00.000Z	1641914880000	167.91	168	167.89	168	8264	5271	2993	1100	1099	-1661178.8886324556
2022-01-11T14:28:00.000Z	1641914940000	168	168.04	167.94	168.01	16622	11327	5295	1884	1418	-1662503.211911403
2022-01-11T14:29:00.000Z	1641915000000	168.01	168.04	167.97	167.99	8327	4760	3567	1147	1806	-1663043.6885335722
2022-01-11T14:30:00.000Z	1641915060000	167.99	168.1	167.96	168.1	38279	30387	7892	3899	2231	-1661185.8057698924
2022-01-11T14:31:00.000Z	1641915120000	168.1	168.1	168.01	168.08	36153	23652	12501	4369	1868	-1657252.5077511242
2022-01-11T14:32:00.000Z	1641915180000	168.08	168.11	168.03	168.08	23430	10144	13286	1281	2488	-1652962.506341829
2022-01-11T14:33:00.000Z	1641915240000	168.08	168.08	168.02	168.06	31299	13479	17820	1807	2500	-1649699.6567039206
2022-01-11T14:34:00.000Z	1641915300000	168.06	168.06	167.9	167.93	14150	4750	9400	1831	1821	-1647811.082757753
2022-01-11T14:35:00.000Z	1641915360000	167.93	167.97	167.89	167.95	19774	10513	9261	1420	1456	-1646565.4313472526
2022-01-11T14:36:00.000Z	1641915420000	167.95	168.04	167.9	168	23927	15000	8927	1953	2382	-1645059.2014053278
2022-01-11T14:37:00.000Z	1641915480000	168	168.05	168	168.01	15971	7256	8715	655	867	-1643553.4678164802
2022-01-11T14:38:00.000Z	1641915540000	168.01	168.02	167.94	167.98	13232	5107	8125	1537	1196	-1642500.2615468171
2022-01-11T14:39:00.000Z	1641915600000	167.98	168.01	167.82	167.84	21833	6992	14841	601	1923	-1642579.2139928504
2022-01-11T14:40:00.000Z	1641915660000	167.84	167.85	167.74	167.84	21072	11814	9258	2201	1597	-1642978.5993274837
2022-01-11T14:41:00.000Z	1641915720000	167.84	167.82	167.71	167.77	17222	9769	7453	1290	1443	-1643177.763086123
2022-01-11T14:42:00.000Z	1641915780000	167.77	167.83	167.76	167.77	12142	8150	3992	894	644	-1642744.8970704642
2022-01-11T14:43:00.000Z	1641915840000	167.77	167.86	167.75	167.84	17522	11075	6447	2447	1749	-1641647.8248758344
2022-01-11T14:44:00.000Z	1641915900000	167.84	167.87	167.82	167.84	40797	22085	18712	2643	2150	-1640037.0991408343
2022-01-11T14:45:00.000Z	1641915960000	167.84	167.86	167.76	167.79	21778	11894	9884	3112	1770	-1638191.8386909857
2022-01-11T14:46:00.000Z	1641916020000	167.79	167.87	167.79	167.87	9236	4914	4322	2098	393	-1636404.231656261
2022-01-11T14:47:00.000Z	1641916080000	167.87	167.89	167.83	167.89	21849	13549	8300	3682	2791	-1634367.6743854256
2022-01-11T14:48:00.000Z	1641916140000	167.89	167.89	167.81	167.84	14759	9555	5204	1465	779	-1631969.794194136
2022-01-11T14:49:00.000Z	1641916200000	167.84	167.84	167.77	167.8	19708	14306	5402	1996	1758	-1628775.6800982326
2022-01-11T14:50:00.000Z	1641916260000	167.8	167.87	167.52	167.58	65827	27364	38463	4510	7785	-1626499.8291712813
2022-01-11T14:51:00.000Z	1641916320000	167.58	167.63	167.54	167.54	21878	10811	11067	3089	2950	-1625063.8905340787
2022-01-11T14:52:00.000Z	1641916380000	167.54	167.6	167.5	167.52	19020	8757	10263	1980	1984	-1624377.7892248523
2022-01-11T14:53:00.000Z	1641916440000	167.52	167.51	167.36	167.4	47332	20243	27089	4224	5244	-1624537.8275476065
2022-01-11T14:54:00.000Z	1641916500000	167.4	167.58	167.39	167.53	94474	56260	38214	6750	6077	-1623488.7679934963
2022-01-11T14:55:00.000Z	1641916560000	167.53	167.79	167.52	167.7	51790	25168	26622	4602	4205	-1621876.3859340728
2022-01-11T14:56:00.000Z	1641916620000	167.7	167.71	167.6	167.67	21534	14018	7516	1893	2259	-1619507.3460672717
2022-01-11T14:57:00.000Z	1641916680000	167.67	167.81	167.67	167.81	43893	35450	8443	5912	2649	-1614763.8589035254
2022-01-11T14:58:00.000Z	1641916740000	167.81	167.86	167.75	167.84	40990	27278	13712	3918	3673	-1607815.7330422783
2022-01-11T14:59:00.000Z	1641916800000	167.84	168.03	167.84	168	143660	77380	66280	6788	8553	-1599481.2361255004